department,date,rainfall_qty,year,month_name,month
BORGOU,2012-01-01,0.0,2012,January,1
ALIBORI,2012-01-01,0.0,2012,January,1
ATACORA,2012-01-01,9.87,2012,January,1
DONGA,2012-01-01,0.0,2012,January,1
ZOU,2012-01-01,1.14,2012,January,1
HILLS,2012-01-01,10.78,2012,January,1
MONO,2012-01-01,1.45,2012,January,1
COUFFO,2012-01-01,0.0,2012,January,1
OUEME,2012-01-01,0.0,2012,January,1
PLATEAU,2012-01-01,0.0,2012,January,1
ATLANTIC,2012-01-01,0.66,2012,January,1
LITTORAL,2012-01-01,0.0,2012,January,1
BORGOU,2013-01-01,1.6375,2013,January,1
ALIBORI,2013-01-01,0.0,2013,January,1
ATACORA,2013-01-01,0.0,2013,January,1
DONGA,2013-01-01,0.0,2013,January,1
ZOU,2013-01-01,0.0,2013,January,1
HILLS,2013-01-01,0.0,2013,January,1
MONO,2013-01-01,2.375,2013,January,1
COUFFO,2013-01-01,18.17083333333333,2013,January,1
OUEME,2013-01-01,55.360625,2013,January,1
PLATEAU,2013-01-01,12.975,2013,January,1
ATLANTIC,2013-01-01,28.432499999999997,2013,January,1
LITTORAL,2013-01-01,35.0,2013,January,1
BORGOU,2014-01-01,13.935,2014,January,1
ALIBORI,2014-01-01,6.883333333333334,2014,January,1
ATACORA,2014-01-01,2.2277777777777774,2014,January,1
DONGA,2014-01-01,18.6475,2014,January,1
ZOU,2014-01-01,17.763333333333335,2014,January,1
HILLS,2014-01-01,20.525,2014,January,1
MONO,2014-01-01,22.910526315789472,2014,January,1
COUFFO,2014-01-01,20.089600000000004,2014,January,1
OUEME,2014-01-01,32.548148148148144,2014,January,1
PLATEAU,2014-01-01,21.008666666666667,2014,January,1
ATLANTIC,2014-01-01,45.171875,2014,January,1
LITTORAL,2014-01-01,50.394999999999996,2014,January,1
BORGOU,2015-01-01,1.2830188679245282,2015,January,1
ALIBORI,2015-01-01,0.0,2015,January,1
ATACORA,2015-01-01,0.0,2015,January,1
DONGA,2015-01-01,2.033405172413793,2015,January,1
ZOU,2015-01-01,2.4791666666666665,2015,January,1
HILLS,2015-01-01,2.996969696969697,2015,January,1
MONO,2015-01-01,0.3068421052631579,2015,January,1
COUFFO,2015-01-01,0.0,2015,January,1
OUEME,2015-01-01,0.0,2015,January,1
PLATEAU,2015-01-01,1.7833333333333334,2015,January,1
ATLANTIC,2015-01-01,0.0,2015,January,1
LITTORAL,2015-01-01,0.0,2015,January,1
BORGOU,2016-01-01,0.0,2016,January,1
ALIBORI,2016-01-01,0.0,2016,January,1
ATACORA,2016-01-01,0.0,2016,January,1
DONGA,2016-01-01,0.0,2016,January,1
ZOU,2016-01-01,0.0,2016,January,1
HILLS,2016-01-01,0.0,2016,January,1
MONO,2016-01-01,0.0,2016,January,1
COUFFO,2016-01-01,0.0,2016,January,1
OUEME,2016-01-01,16.178571428571427,2016,January,1
PLATEAU,2016-01-01,4.183333333333334,2016,January,1
ATLANTIC,2016-01-01,4.677777777777777,2016,January,1
LITTORAL,2016-01-01,0.0,2016,January,1
BORGOU,2017-01-01,0.0,2017,January,1
ALIBORI,2017-01-01,0.0,2017,January,1
ATACORA,2017-01-01,0.0,2017,January,1
DONGA,2017-01-01,0.0,2017,January,1
ZOU,2017-01-01,1.02,2017,January,1
HILLS,2017-01-01,11.74,2017,January,1
MONO,2017-01-01,12.51,2017,January,1
COUFFO,2017-01-01,7.383333333333333,2017,January,1
OUEME,2017-01-01,19.0,2017,January,1
PLATEAU,2017-01-01,13.35,2017,January,1
ATLANTIC,2017-01-01,7.145454545454545,2017,January,1
LITTORAL,2017-01-01,8.5,2017,January,1
BORGOU,2018-01-01,0.0,2018,January,1
ALIBORI,2018-01-01,0.0,2018,January,1
ATACORA,2018-01-01,0.0,2018,January,1
DONGA,2018-01-01,0.0,2018,January,1
ZOU,2018-01-01,0.0,2018,January,1
HILLS,2018-01-01,0.0,2018,January,1
MONO,2018-01-01,0.0,2018,January,1
COUFFO,2018-01-01,0.0,2018,January,1
OUEME,2018-01-01,0.0,2018,January,1
PLATEAU,2018-01-01,0.0,2018,January,1
ATLANTIC,2018-01-01,0.0,2018,January,1
LITTORAL,2018-01-01,0.0,2018,January,1
BORGOU,2019-01-01,6.41,2019,January,1
ALIBORI,2019-01-01,0.0,2019,January,1
ATACORA,2019-01-01,0.78,2019,January,1
DONGA,2019-01-01,5.6,2019,January,1
ZOU,2019-01-01,21.6,2019,January,1
HILLS,2019-01-01,6.5,2019,January,1
MONO,2019-01-01,38.12,2019,January,1
COUFFO,2019-01-01,43.38095238095239,2019,January,1
OUEME,2019-01-01,74.0,2019,January,1
PLATEAU,2019-01-01,32.12,2019,January,1
ATLANTIC,2019-01-01,60.14166666666667,2019,January,1
LITTORAL,2019-01-01,112.0,2019,January,1
BORGOU,2020-01-01,0.0,2020,January,1
ALIBORI,2020-01-01,0.0,2020,January,1
ATACORA,2020-01-01,0.0,2020,January,1
DONGA,2020-01-01,0.0,2020,January,1
ZOU,2020-01-01,4.346296296296297,2020,January,1
HILLS,2020-01-01,1.01875,2020,January,1
MONO,2020-01-01,0.0,2020,January,1
COUFFO,2020-01-01,0.0,2020,January,1
OUEME,2020-01-01,0.0,2020,January,1
PLATEAU,2020-01-01,0.0,2020,January,1
ATLANTIC,2020-01-01,0.16666666666666666,2020,January,1
LITTORAL,2020-01-01,0.0,2020,January,1
BORGOU,2021-01-01,0.0,2021,January,1
ALIBORI,2021-01-01,0.0,2021,January,1
ATACORA,2021-01-01,0.0,2021,January,1
DONGA,2021-01-01,0.0,2021,January,1
ZOU,2021-01-01,0.0,2021,January,1
HILLS,2021-01-01,0.409375,2021,January,1
MONO,2021-01-01,4.892307692307693,2021,January,1
COUFFO,2021-01-01,0.0,2021,January,1
OUEME,2021-01-01,12.458823529411765,2021,January,1
PLATEAU,2021-01-01,0.2210526315789474,2021,January,1
ATLANTIC,2021-01-01,12.083333333333332,2021,January,1
LITTORAL,2021-01-01,42.413333333333334,2021,January,1
BORGOU,2022-01-01,0.0,2022,January,1
ALIBORI,2022-01-01,0.0,2022,January,1
ATACORA,2022-01-01,0.0,2022,January,1
DONGA,2022-01-01,0.0,2022,January,1
ZOU,2022-01-01,0.0,2022,January,1
HILLS,2022-01-01,0.0,2022,January,1
MONO,2022-01-01,1.2941176470588236,2022,January,1
COUFFO,2022-01-01,0.0,2022,January,1
OUEME,2022-01-01,0.9117647058823529,2022,January,1
PLATEAU,2022-01-01,0.0,2022,January,1
ATLANTIC,2022-01-01,2.5,2022,January,1
LITTORAL,2022-01-01,0.0,2022,January,1
BORGOU,2023-01-01,1.228125,2023,January,1
ALIBORI,2023-01-01,0.0,2023,January,1
ATACORA,2023-01-01,0.0,2023,January,1
DONGA,2023-01-01,0.9666666666666667,2023,January,1
ZOU,2023-01-01,0.0,2023,January,1
HILLS,2023-01-01,0.0,2023,January,1
MONO,2023-01-01,0.45454545454545453,2023,January,1
COUFFO,2023-01-01,7.427142857142857,2023,January,1
OUEME,2023-01-01,0.27647058823529413,2023,January,1
PLATEAU,2023-01-01,3.1149999999999998,2023,January,1
ATLANTIC,2023-01-01,14.674999999999999,2023,January,1
LITTORAL,2023-01-01,0.0,2023,January,1
BORGOU,2012-02-01,26.33,2012,February,2
ALIBORI,2012-02-01,16.13,2012,February,2
ATACORA,2012-02-01,28.2,2012,February,2
DONGA,2012-02-01,70.31,2012,February,2
ZOU,2012-02-01,32.71,2012,February,2
HILLS,2012-02-01,31.76,2012,February,2
MONO,2012-02-01,42.48,2012,February,2
COUFFO,2012-02-01,33.6,2012,February,2
OUEME,2012-02-01,39.32,2012,February,2
PLATEAU,2012-02-01,41.41,2012,February,2
ATLANTIC,2012-02-01,25.21,2012,February,2
LITTORAL,2012-02-01,116.75,2012,February,2
BORGOU,2013-02-01,4.25,2013,February,2
ALIBORI,2013-02-01,0.0,2013,February,2
ATACORA,2013-02-01,3.988888888888889,2013,February,2
DONGA,2013-02-01,0.0,2013,February,2
ZOU,2013-02-01,11.944444444444445,2013,February,2
HILLS,2013-02-01,14.74888888888889,2013,February,2
MONO,2013-02-01,27.572222222222223,2013,February,2
COUFFO,2013-02-01,0.0,2013,February,2
OUEME,2013-02-01,36.84,2013,February,2
PLATEAU,2013-02-01,10.483333333333334,2013,February,2
ATLANTIC,2013-02-01,37.51625000000001,2013,February,2
LITTORAL,2013-02-01,72.5,2013,February,2
BORGOU,2014-02-01,1.27875,2014,February,2
ALIBORI,2014-02-01,0.0,2014,February,2
ATACORA,2014-02-01,0.0,2014,February,2
DONGA,2014-02-01,2.1666666666666665,2014,February,2
ZOU,2014-02-01,20.41,2014,February,2
HILLS,2014-02-01,8.733333333333334,2014,February,2
MONO,2014-02-01,33.578947368421055,2014,February,2
COUFFO,2014-02-01,31.152,2014,February,2
OUEME,2014-02-01,67.46296296296296,2014,February,2
PLATEAU,2014-02-01,50.988,2014,February,2
ATLANTIC,2014-02-01,47.705625,2014,February,2
LITTORAL,2014-02-01,76.75,2014,February,2
BORGOU,2015-02-01,9.40566037735849,2015,February,2
ALIBORI,2015-02-01,1.515625,2015,February,2
ATACORA,2015-02-01,14.391530054644807,2015,February,2
DONGA,2015-02-01,19.93,2015,February,2
ZOU,2015-02-01,25.533333333333335,2015,February,2
HILLS,2015-02-01,10.615151515151515,2015,February,2
MONO,2015-02-01,34.85526315789474,2015,February,2
COUFFO,2015-02-01,42.812000000000005,2015,February,2
OUEME,2015-02-01,41.16875,2015,February,2
PLATEAU,2015-02-01,25.305555555555557,2015,February,2
ATLANTIC,2015-02-01,39.531111111111116,2015,February,2
LITTORAL,2015-02-01,33.75,2015,February,2
BORGOU,2016-02-01,0.2777777777777778,2016,February,2
ALIBORI,2016-02-01,0.0,2016,February,2
ATACORA,2016-02-01,0.5035118525021949,2016,February,2
DONGA,2016-02-01,0.1823529411764706,2016,February,2
ZOU,2016-02-01,5.379310344827586,2016,February,2
HILLS,2016-02-01,0.0,2016,February,2
MONO,2016-02-01,0.0,2016,February,2
COUFFO,2016-02-01,0.172,2016,February,2
OUEME,2016-02-01,0.7857142857142857,2016,February,2
PLATEAU,2016-02-01,0.0,2016,February,2
ATLANTIC,2016-02-01,0.0,2016,February,2
LITTORAL,2016-02-01,0.0,2016,February,2
BORGOU,2017-02-01,0.0,2017,February,2
ALIBORI,2017-02-01,0.0,2017,February,2
ATACORA,2017-02-01,0.0,2017,February,2
DONGA,2017-02-01,0.0,2017,February,2
ZOU,2017-02-01,16.57,2017,February,2
HILLS,2017-02-01,1.33,2017,February,2
MONO,2017-02-01,14.71,2017,February,2
COUFFO,2017-02-01,2.966666666666667,2017,February,2
OUEME,2017-02-01,9.0,2017,February,2
PLATEAU,2017-02-01,14.05,2017,February,2
ATLANTIC,2017-02-01,0.0,2017,February,2
LITTORAL,2017-02-01,0.0,2017,February,2
BORGOU,2018-02-01,9.92015306122449,2018,February,2
ALIBORI,2018-02-01,0.0,2018,February,2
ATACORA,2018-02-01,20.046666666666667,2018,February,2
DONGA,2018-02-01,10.333333333333334,2018,February,2
ZOU,2018-02-01,44.053333333333335,2018,February,2
HILLS,2018-02-01,18.7,2018,February,2
MONO,2018-02-01,103.62000000000002,2018,February,2
COUFFO,2018-02-01,44.37456140350878,2018,February,2
OUEME,2018-02-01,62.77,2018,February,2
PLATEAU,2018-02-01,46.74733333333333,2018,February,2
ATLANTIC,2018-02-01,78.54333333333332,2018,February,2
LITTORAL,2018-02-01,0.0,2018,February,2
BORGOU,2019-02-01,2.04,2019,February,2
ALIBORI,2019-02-01,0.0,2019,February,2
ATACORA,2019-02-01,0.0,2019,February,2
DONGA,2019-02-01,2.7,2019,February,2
ZOU,2019-02-01,8.3,2019,February,2
HILLS,2019-02-01,1.55,2019,February,2
MONO,2019-02-01,31.47,2019,February,2
COUFFO,2019-02-01,38.95238095238095,2019,February,2
OUEME,2019-02-01,88.0,2019,February,2
PLATEAU,2019-02-01,34.44,2019,February,2
ATLANTIC,2019-02-01,48.03333333333333,2019,February,2
LITTORAL,2019-02-01,117.0,2019,February,2
BORGOU,2020-02-01,0.0,2020,February,2
ALIBORI,2020-02-01,0.0,2020,February,2
ATACORA,2020-02-01,0.0,2020,February,2
DONGA,2020-02-01,0.0,2020,February,2
ZOU,2020-02-01,0.0,2020,February,2
HILLS,2020-02-01,0.0,2020,February,2
MONO,2020-02-01,0.0,2020,February,2
COUFFO,2020-02-01,0.0,2020,February,2
OUEME,2020-02-01,0.0,2020,February,2
PLATEAU,2020-02-01,0.994736842105263,2020,February,2
ATLANTIC,2020-02-01,0.0,2020,February,2
LITTORAL,2020-02-01,0.0,2020,February,2
BORGOU,2021-02-01,0.0,2021,February,2
ALIBORI,2021-02-01,0.0,2021,February,2
ATACORA,2021-02-01,0.0,2021,February,2
DONGA,2021-02-01,0.0,2021,February,2
ZOU,2021-02-01,0.0,2021,February,2
HILLS,2021-02-01,0.0,2021,February,2
MONO,2021-02-01,3.5,2021,February,2
COUFFO,2021-02-01,3.3,2021,February,2
OUEME,2021-02-01,10.799999999999999,2021,February,2
PLATEAU,2021-02-01,21.58421052631579,2021,February,2
ATLANTIC,2021-02-01,9.875000000000002,2021,February,2
LITTORAL,2021-02-01,0.0,2021,February,2
BORGOU,2022-02-01,0.0,2022,February,2
ALIBORI,2022-02-01,0.0,2022,February,2
ATACORA,2022-02-01,0.0,2022,February,2
DONGA,2022-02-01,0.0,2022,February,2
ZOU,2022-02-01,10.209558823529411,2022,February,2
HILLS,2022-02-01,2.846129032258064,2022,February,2
MONO,2022-02-01,0.3,2022,February,2
COUFFO,2022-02-01,1.1428571428571428,2022,February,2
OUEME,2022-02-01,3.923529411764706,2022,February,2
PLATEAU,2022-02-01,10.204545454545455,2022,February,2
ATLANTIC,2022-02-01,3.3541666666666665,2022,February,2
LITTORAL,2022-02-01,20.733333333333334,2022,February,2
BORGOU,2023-02-01,0.775,2023,February,2
ALIBORI,2023-02-01,0.0,2023,February,2
ATACORA,2023-02-01,0.26,2023,February,2
DONGA,2023-02-01,1.011111111111111,2023,February,2
ZOU,2023-02-01,11.073684210526316,2023,February,2
HILLS,2023-02-01,8.008484848484848,2023,February,2
MONO,2023-02-01,19.936363636363634,2023,February,2
COUFFO,2023-02-01,11.485714285714286,2023,February,2
OUEME,2023-02-01,13.408823529411768,2023,February,2
PLATEAU,2023-02-01,49.505,2023,February,2
ATLANTIC,2023-02-01,25.666666666666668,2023,February,2
LITTORAL,2023-02-01,2.1999999999999997,2023,February,2
BORGOU,2012-03-01,10.37,2012,March,3
ALIBORI,2012-03-01,2.67,2012,March,3
ATACORA,2012-03-01,9.31,2012,March,3
DONGA,2012-03-01,17.78,2012,March,3
ZOU,2012-03-01,49.77,2012,March,3
HILLS,2012-03-01,23.45,2012,March,3
MONO,2012-03-01,25.09,2012,March,3
COUFFO,2012-03-01,45.06,2012,March,3
OUEME,2012-03-01,44.24,2012,March,3
PLATEAU,2012-03-01,36.17,2012,March,3
ATLANTIC,2012-03-01,25.53,2012,March,3
LITTORAL,2012-03-01,30.0,2012,March,3
BORGOU,2013-03-01,27.275833333333335,2013,March,3
ALIBORI,2013-03-01,1.6666666666666667,2013,March,3
ATACORA,2013-03-01,33.58888888888888,2013,March,3
DONGA,2013-03-01,76.05,2013,March,3
ZOU,2013-03-01,87.00769841269842,2013,March,3
HILLS,2013-03-01,93.67222222222222,2013,March,3
MONO,2013-03-01,81.80555555555556,2013,March,3
COUFFO,2013-03-01,86.53222222222223,2013,March,3
OUEME,2013-03-01,91.741875,2013,March,3
PLATEAU,2013-03-01,68.35684210526315,2013,March,3
ATLANTIC,2013-03-01,78.9075,2013,March,3
LITTORAL,2013-03-01,46.25,2013,March,3
BORGOU,2014-03-01,13.775,2014,March,3
ALIBORI,2014-03-01,0.0,2014,March,3
ATACORA,2014-03-01,13.287222222222223,2014,March,3
DONGA,2014-03-01,37.44444444444444,2014,March,3
ZOU,2014-03-01,128.40666666666664,2014,March,3
HILLS,2014-03-01,93.67222222222222,2014,March,3
MONO,2014-03-01,114.6736842105263,2014,March,3
COUFFO,2014-03-01,118.3664,2014,March,3
OUEME,2014-03-01,129.74074074074073,2014,March,3
PLATEAU,2014-03-01,130.87066666666664,2014,March,3
ATLANTIC,2014-03-01,158.8925,2014,March,3
LITTORAL,2014-03-01,63.75,2014,March,3
BORGOU,2015-03-01,24.354716981132075,2015,March,3
ALIBORI,2015-03-01,6.904022177419355,2015,March,3
ATACORA,2015-03-01,3.4105263157894736,2015,March,3
DONGA,2015-03-01,31.035083333333333,2015,March,3
ZOU,2015-03-01,105.58541666666666,2015,March,3
HILLS,2015-03-01,99.84375,2015,March,3
MONO,2015-03-01,104.42625730994152,2015,March,3
COUFFO,2015-03-01,96.832,2015,March,3
OUEME,2015-03-01,95.3375,2015,March,3
PLATEAU,2015-03-01,62.48888888888889,2015,March,3
ATLANTIC,2015-03-01,119.15777777777778,2015,March,3
LITTORAL,2015-03-01,110.0,2015,March,3
BORGOU,2016-03-01,22.092414529914528,2016,March,3
ALIBORI,2016-03-01,20.917892156862745,2016,March,3
ATACORA,2016-03-01,18.19078138718174,2016,March,3
DONGA,2016-03-01,26.408571428571427,2016,March,3
ZOU,2016-03-01,88.16985714285715,2016,March,3
HILLS,2016-03-01,70.83125,2016,March,3
MONO,2016-03-01,104.09199346405228,2016,March,3
COUFFO,2016-03-01,115.43199999999999,2016,March,3
OUEME,2016-03-01,111.09714285714286,2016,March,3
PLATEAU,2016-03-01,107.75555555555555,2016,March,3
ATLANTIC,2016-03-01,107.79833333333335,2016,March,3
LITTORAL,2016-03-01,55.5,2016,March,3
BORGOU,2017-03-01,2.70625,2017,March,3
ALIBORI,2017-03-01,0.0,2017,March,3
ATACORA,2017-03-01,0.0,2017,March,3
DONGA,2017-03-01,12.28,2017,March,3
ZOU,2017-03-01,80.87,2017,March,3
HILLS,2017-03-01,45.12,2017,March,3
MONO,2017-03-01,49.51,2017,March,3
COUFFO,2017-03-01,62.86666666666667,2017,March,3
OUEME,2017-03-01,75.0,2017,March,3
PLATEAU,2017-03-01,60.32,2017,March,3
ATLANTIC,2017-03-01,139.0,2017,March,3
LITTORAL,2017-03-01,67.0,2017,March,3
BORGOU,2018-03-01,0.0,2018,March,3
ALIBORI,2018-03-01,0.0,2018,March,3
ATACORA,2018-03-01,28.2,2018,March,3
DONGA,2018-03-01,12.0,2018,March,3
ZOU,2018-03-01,90.92666666666668,2018,March,3
HILLS,2018-03-01,41.42857142857143,2018,March,3
MONO,2018-03-01,80.61666666666666,2018,March,3
COUFFO,2018-03-01,105.82523809523809,2018,March,3
OUEME,2018-03-01,54.94466666666666,2018,March,3
PLATEAU,2018-03-01,84.492,2018,March,3
ATLANTIC,2018-03-01,83.81166666666667,2018,March,3
LITTORAL,2018-03-01,109.0,2018,March,3
BORGOU,2019-03-01,9.16,2019,March,3
ALIBORI,2019-03-01,0.0,2019,March,3
ATACORA,2019-03-01,9.82,2019,March,3
DONGA,2019-03-01,34.58,2019,March,3
ZOU,2019-03-01,72.2,2019,March,3
HILLS,2019-03-01,54.45,2019,March,3
MONO,2019-03-01,113.98,2019,March,3
COUFFO,2019-03-01,103.63309523809525,2019,March,3
OUEME,2019-03-01,61.0,2019,March,3
PLATEAU,2019-03-01,74.29,2019,March,3
ATLANTIC,2019-03-01,85.89999999999999,2019,March,3
LITTORAL,2019-03-01,70.0,2019,March,3
BORGOU,2020-03-01,23.73214285714286,2020,March,3
ALIBORI,2020-03-01,0.0,2020,March,3
ATACORA,2020-03-01,11.777777777777779,2020,March,3
DONGA,2020-03-01,51.925,2020,March,3
ZOU,2020-03-01,43.05555555555556,2020,March,3
HILLS,2020-03-01,55.10171842650104,2020,March,3
MONO,2020-03-01,51.6125,2020,March,3
COUFFO,2020-03-01,51.6125,2020,March,3
OUEME,2020-03-01,27.645,2020,March,3
PLATEAU,2020-03-01,38.852631578947374,2020,March,3
ATLANTIC,2020-03-01,47.64166666666667,2020,March,3
LITTORAL,2020-03-01,39.013333333333335,2020,March,3
BORGOU,2021-03-01,11.324000000000002,2021,March,3
ALIBORI,2021-03-01,0.0,2021,March,3
ATACORA,2021-03-01,0.53,2021,March,3
DONGA,2021-03-01,14.774999999999999,2021,March,3
ZOU,2021-03-01,48.949461538461534,2021,March,3
HILLS,2021-03-01,58.2001893939394,2021,March,3
MONO,2021-03-01,46.25714285714285,2021,March,3
COUFFO,2021-03-01,53.18285714285715,2021,March,3
OUEME,2021-03-01,92.19411764705882,2021,March,3
PLATEAU,2021-03-01,60.83684210526315,2021,March,3
ATLANTIC,2021-03-01,62.909166666666664,2021,March,3
LITTORAL,2021-03-01,31.39333333333333,2021,March,3
BORGOU,2022-03-01,20.981612903225805,2022,March,3
ALIBORI,2022-03-01,1.6111111111111112,2022,March,3
ATACORA,2022-03-01,22.14666666666667,2022,March,3
DONGA,2022-03-01,25.745000000000005,2022,March,3
ZOU,2022-03-01,132.64655172413794,2022,March,3
HILLS,2022-03-01,50.553870967741936,2022,March,3
MONO,2022-03-01,46.364705882352936,2022,March,3
COUFFO,2022-03-01,23.374285714285715,2022,March,3
OUEME,2022-03-01,60.98823529411764,2022,March,3
PLATEAU,2022-03-01,65.62727272727273,2022,March,3
ATLANTIC,2022-03-01,48.225,2022,March,3
LITTORAL,2022-03-01,62.036666666666676,2022,March,3
BORGOU,2023-03-01,11.7009375,2023,March,3
ALIBORI,2023-03-01,4.7813852813852815,2023,March,3
ATACORA,2023-03-01,15.406089743589744,2023,March,3
DONGA,2023-03-01,35.895,2023,March,3
ZOU,2023-03-01,69.57153846153847,2023,March,3
HILLS,2023-03-01,72.54115530303031,2023,March,3
MONO,2023-03-01,115.62727272727273,2023,March,3
COUFFO,2023-03-01,89.7657142857143,2023,March,3
OUEME,2023-03-01,130.41470588235296,2023,March,3
PLATEAU,2023-03-01,153.87,2023,March,3
ATLANTIC,2023-03-01,83.91666666666666,2023,March,3
LITTORAL,2023-03-01,70.19,2023,March,3
BORGOU,2012-04-01,81.75,2012,April,4
ALIBORI,2012-04-01,20.9,2012,April,4
ATACORA,2012-04-01,80.45,2012,April,4
DONGA,2012-04-01,65.79,2012,April,4
ZOU,2012-04-01,177.52,2012,April,4
HILLS,2012-04-01,104.34,2012,April,4
MONO,2012-04-01,83.43,2012,April,4
COUFFO,2012-04-01,121.33,2012,April,4
OUEME,2012-04-01,212.93,2012,April,4
PLATEAU,2012-04-01,197.5,2012,April,4
ATLANTIC,2012-04-01,97.59,2012,April,4
LITTORAL,2012-04-01,154.75,2012,April,4
BORGOU,2013-04-01,65.78895833333333,2013,April,4
ALIBORI,2013-04-01,60.20624999999999,2013,April,4
ATACORA,2013-04-01,84.83333333333334,2013,April,4
DONGA,2013-04-01,93.825,2013,April,4
ZOU,2013-04-01,145.51666666666668,2013,April,4
HILLS,2013-04-01,105.19555555555554,2013,April,4
MONO,2013-04-01,160.35277777777776,2013,April,4
COUFFO,2013-04-01,105.87333333333332,2013,April,4
OUEME,2013-04-01,152.73925925925926,2013,April,4
PLATEAU,2013-04-01,94.02666666666667,2013,April,4
ATLANTIC,2013-04-01,179.79250000000002,2013,April,4
LITTORAL,2013-04-01,58.75,2013,April,4
BORGOU,2014-04-01,55.8875,2014,April,4
ALIBORI,2014-04-01,45.55333333333334,2014,April,4
ATACORA,2014-04-01,100.30619047619047,2014,April,4
DONGA,2014-04-01,80.18138392857144,2014,April,4
ZOU,2014-04-01,80.86333333333333,2014,April,4
HILLS,2014-04-01,70.21166666666666,2014,April,4
MONO,2014-04-01,76.03684210526316,2014,April,4
COUFFO,2014-04-01,117.496,2014,April,4
OUEME,2014-04-01,97.17777777777776,2014,April,4
PLATEAU,2014-04-01,65.84899999999999,2014,April,4
ATLANTIC,2014-04-01,95.29624999999999,2014,April,4
LITTORAL,2014-04-01,65.0,2014,April,4
BORGOU,2015-04-01,8.728301886792453,2015,April,4
ALIBORI,2015-04-01,1.4756149193548387,2015,April,4
ATACORA,2015-04-01,7.513822751322751,2015,April,4
DONGA,2015-04-01,6.548387096774193,2015,April,4
ZOU,2015-04-01,46.29416666666667,2015,April,4
HILLS,2015-04-01,15.884375,2015,April,4
MONO,2015-04-01,50.91578947368421,2015,April,4
COUFFO,2015-04-01,56.37800000000001,2015,April,4
OUEME,2015-04-01,62.66375000000001,2015,April,4
PLATEAU,2015-04-01,58.199999999999996,2015,April,4
ATLANTIC,2015-04-01,77.35,2015,April,4
LITTORAL,2015-04-01,73.125,2015,April,4
BORGOU,2016-04-01,93.99103641456581,2016,April,4
ALIBORI,2016-04-01,66.94647950089127,2016,April,4
ATACORA,2016-04-01,96.19342105263159,2016,April,4
DONGA,2016-04-01,70.40666666666667,2016,April,4
ZOU,2016-04-01,110.02758620689654,2016,April,4
HILLS,2016-04-01,103.0741935483871,2016,April,4
MONO,2016-04-01,110.35294117647058,2016,April,4
COUFFO,2016-04-01,108.20399999999998,2016,April,4
OUEME,2016-04-01,126.9757142857143,2016,April,4
PLATEAU,2016-04-01,97.47222222222223,2016,April,4
ATLANTIC,2016-04-01,123.2227777777778,2016,April,4
LITTORAL,2016-04-01,79.75,2016,April,4
BORGOU,2017-04-01,59.62125,2017,April,4
ALIBORI,2017-04-01,0.0,2017,April,4
ATACORA,2017-04-01,50.47,2017,April,4
DONGA,2017-04-01,88.62,2017,April,4
ZOU,2017-04-01,104.19,2017,April,4
HILLS,2017-04-01,69.94,2017,April,4
MONO,2017-04-01,123.08,2017,April,4
COUFFO,2017-04-01,136.75,2017,April,4
OUEME,2017-04-01,116.0,2017,April,4
PLATEAU,2017-04-01,141.55,2017,April,4
ATLANTIC,2017-04-01,152.1818181818182,2017,April,4
LITTORAL,2017-04-01,69.8,2017,April,4
BORGOU,2018-04-01,38.97107142857143,2018,April,4
ALIBORI,2018-04-01,0.0,2018,April,4
ATACORA,2018-04-01,26.745555555555555,2018,April,4
DONGA,2018-04-01,38.0,2018,April,4
ZOU,2018-04-01,128.27666666666667,2018,April,4
HILLS,2018-04-01,63.01785714285714,2018,April,4
MONO,2018-04-01,77.42500000000001,2018,April,4
COUFFO,2018-04-01,104.8147619047619,2018,April,4
OUEME,2018-04-01,121.96000000000001,2018,April,4
PLATEAU,2018-04-01,66.2025,2018,April,4
ATLANTIC,2018-04-01,80.18333333333334,2018,April,4
LITTORAL,2018-04-01,61.599999999999994,2018,April,4
BORGOU,2019-04-01,58.49,2019,April,4
ALIBORI,2019-04-01,20.776666666666664,2019,April,4
ATACORA,2019-04-01,76.15,2019,April,4
DONGA,2019-04-01,67.38,2019,April,4
ZOU,2019-04-01,91.2,2019,April,4
HILLS,2019-04-01,52.66,2019,April,4
MONO,2019-04-01,98.55,2019,April,4
COUFFO,2019-04-01,110.53809523809524,2019,April,4
OUEME,2019-04-01,95.0,2019,April,4
PLATEAU,2019-04-01,98.91,2019,April,4
ATLANTIC,2019-04-01,120.51666666666667,2019,April,4
LITTORAL,2019-04-01,64.0,2019,April,4
BORGOU,2020-04-01,71.725,2020,April,4
ALIBORI,2020-04-01,57.14,2020,April,4
ATACORA,2020-04-01,39.73888888888889,2020,April,4
DONGA,2020-04-01,88.58522727272728,2020,April,4
ZOU,2020-04-01,88.05185185185185,2020,April,4
HILLS,2020-04-01,93.06428571428572,2020,April,4
MONO,2020-04-01,68.21587301587302,2020,April,4
COUFFO,2020-04-01,68.21587301587302,2020,April,4
OUEME,2020-04-01,109.69000000000001,2020,April,4
PLATEAU,2020-04-01,99.07105263157895,2020,April,4
ATLANTIC,2020-04-01,79.84166666666667,2020,April,4
LITTORAL,2020-04-01,107.02333333333333,2020,April,4
BORGOU,2021-04-01,41.056,2021,April,4
ALIBORI,2021-04-01,0.0,2021,April,4
ATACORA,2021-04-01,42.42222222222222,2021,April,4
DONGA,2021-04-01,70.04583333333333,2021,April,4
ZOU,2021-04-01,105.21842948717948,2021,April,4
HILLS,2021-04-01,52.01310606060606,2021,April,4
MONO,2021-04-01,95.30818181818182,2021,April,4
COUFFO,2021-04-01,59.362857142857145,2021,April,4
OUEME,2021-04-01,72.62941176470588,2021,April,4
PLATEAU,2021-04-01,100.35263157894737,2021,April,4
ATLANTIC,2021-04-01,59.68333333333334,2021,April,4
LITTORAL,2021-04-01,46.266666666666666,2021,April,4
BORGOU,2022-04-01,47.95225806451613,2022,April,4
ALIBORI,2022-04-01,6.305555555555555,2022,April,4
ATACORA,2022-04-01,58.24666666666667,2022,April,4
DONGA,2022-04-01,79.47698412698412,2022,April,4
ZOU,2022-04-01,192.23275862068965,2022,April,4
HILLS,2022-04-01,112.7174193548387,2022,April,4
MONO,2022-04-01,193.47058823529412,2022,April,4
COUFFO,2022-04-01,143.4714285714286,2022,April,4
OUEME,2022-04-01,260.81235294117647,2022,April,4
PLATEAU,2022-04-01,196.2,2022,April,4
ATLANTIC,2022-04-01,205.1875,2022,April,4
LITTORAL,2022-04-01,133.15333333333334,2022,April,4
BORGOU,2023-04-01,82.1615625,2023,April,4
ALIBORI,2023-04-01,9.036189516129031,2023,April,4
ATACORA,2023-04-01,48.581428571428575,2023,April,4
DONGA,2023-04-01,90.17916666666666,2023,April,4
ZOU,2023-04-01,146.5923076923077,2023,April,4
HILLS,2023-04-01,80.76909090909092,2023,April,4
MONO,2023-04-01,156.5909090909091,2023,April,4
COUFFO,2023-04-01,130.7942857142857,2023,April,4
OUEME,2023-04-01,153.3970588235294,2023,April,4
PLATEAU,2023-04-01,153.19500000000002,2023,April,4
ATLANTIC,2023-04-01,154.79166666666669,2023,April,4
LITTORAL,2023-04-01,48.4,2023,April,4
BORGOU,2012-05-01,149.89,2012,May,5
ALIBORI,2012-05-01,122.33,2012,May,5
ATACORA,2012-05-01,197.42,2012,May,5
DONGA,2012-05-01,170.25,2012,May,5
ZOU,2012-05-01,166.88,2012,May,5
HILLS,2012-05-01,99.17,2012,May,5
MONO,2012-05-01,168.64,2012,May,5
COUFFO,2012-05-01,170.15,2012,May,5
OUEME,2012-05-01,160.67,2012,May,5
PLATEAU,2012-05-01,152.37,2012,May,5
ATLANTIC,2012-05-01,160.26,2012,May,5
LITTORAL,2012-05-01,176.75,2012,May,5
BORGOU,2013-05-01,93.00813988095238,2013,May,5
ALIBORI,2013-05-01,62.43638888888889,2013,May,5
ATACORA,2013-05-01,126.24444444444445,2013,May,5
DONGA,2013-05-01,91.67500000000001,2013,May,5
ZOU,2013-05-01,132.79336419753085,2013,May,5
HILLS,2013-05-01,112.73833333333334,2013,May,5
MONO,2013-05-01,167.76555555555555,2013,May,5
COUFFO,2013-05-01,161.31277777777777,2013,May,5
OUEME,2013-05-01,207.6440740740741,2013,May,5
PLATEAU,2013-05-01,133.744,2013,May,5
ATLANTIC,2013-05-01,206.20374999999999,2013,May,5
LITTORAL,2013-05-01,357.38,2013,May,5
BORGOU,2014-05-01,173.26250000000002,2014,May,5
ALIBORI,2014-05-01,87.81,2014,May,5
ATACORA,2014-05-01,69.61428571428571,2014,May,5
DONGA,2014-05-01,138.46265873015872,2014,May,5
ZOU,2014-05-01,175.0677777777778,2014,May,5
HILLS,2014-05-01,132.66166666666666,2014,May,5
MONO,2014-05-01,201.7736842105263,2014,May,5
COUFFO,2014-05-01,163.3824,2014,May,5
OUEME,2014-05-01,239.84111111111113,2014,May,5
PLATEAU,2014-05-01,179.70733333333334,2014,May,5
ATLANTIC,2014-05-01,227.81875,2014,May,5
LITTORAL,2014-05-01,255.0,2014,May,5
BORGOU,2015-05-01,78.52132034632035,2015,May,5
ALIBORI,2015-05-01,67.55625387717123,2015,May,5
ATACORA,2015-05-01,10.350877192982455,2015,May,5
DONGA,2015-05-01,60.396875,2015,May,5
ZOU,2015-05-01,46.29416666666667,2015,May,5
HILLS,2015-05-01,15.884375,2015,May,5
MONO,2015-05-01,114.78187134502924,2015,May,5
COUFFO,2015-05-01,129.5288,2015,May,5
OUEME,2015-05-01,106.57687500000002,2015,May,5
PLATEAU,2015-05-01,103.07222222222224,2015,May,5
ATLANTIC,2015-05-01,127.08444444444444,2015,May,5
LITTORAL,2015-05-01,34.45,2015,May,5
BORGOU,2016-05-01,92.47290048094709,2016,May,5
ALIBORI,2016-05-01,79.70321428571428,2016,May,5
ATACORA,2016-05-01,46.51560455192034,2016,May,5
DONGA,2016-05-01,65.12844827586206,2016,May,5
ZOU,2016-05-01,110.02758620689654,2016,May,5
HILLS,2016-05-01,103.0741935483871,2016,May,5
MONO,2016-05-01,107.5111111111111,2016,May,5
COUFFO,2016-05-01,121.25999999999999,2016,May,5
OUEME,2016-05-01,181.25071428571428,2016,May,5
PLATEAU,2016-05-01,222.41666666666669,2016,May,5
ATLANTIC,2016-05-01,161.9861111111111,2016,May,5
LITTORAL,2016-05-01,191.25,2016,May,5
BORGOU,2017-05-01,137.45,2017,May,5
ALIBORI,2017-05-01,102.71890756302521,2017,May,5
ATACORA,2017-05-01,107.03,2017,May,5
DONGA,2017-05-01,112.84,2017,May,5
ZOU,2017-05-01,199.97,2017,May,5
HILLS,2017-05-01,137.84,2017,May,5
MONO,2017-05-01,128.72,2017,May,5
COUFFO,2017-05-01,98.61666666666667,2017,May,5
OUEME,2017-05-01,171.0,2017,May,5
PLATEAU,2017-05-01,127.15,2017,May,5
ATLANTIC,2017-05-01,206.22727272727272,2017,May,5
LITTORAL,2017-05-01,178.0,2017,May,5
BORGOU,2018-05-01,79.58105442176871,2018,May,5
ALIBORI,2018-05-01,83.64000000000001,2018,May,5
ATACORA,2018-05-01,162.59833333333336,2018,May,5
DONGA,2018-05-01,67.4388888888889,2018,May,5
ZOU,2018-05-01,190.57444444444445,2018,May,5
HILLS,2018-05-01,63.01785714285714,2018,May,5
MONO,2018-05-01,106.4,2018,May,5
COUFFO,2018-05-01,169.5047619047619,2018,May,5
OUEME,2018-05-01,207.85599999999997,2018,May,5
PLATEAU,2018-05-01,190.280625,2018,May,5
ATLANTIC,2018-05-01,157.225,2018,May,5
LITTORAL,2018-05-01,290.5,2018,May,5
BORGOU,2019-05-01,87.83,2019,May,5
ALIBORI,2019-05-01,138.12533333333334,2019,May,5
ATACORA,2019-05-01,109.0,2019,May,5
DONGA,2019-05-01,96.19,2019,May,5
ZOU,2019-05-01,126.52,2019,May,5
HILLS,2019-05-01,166.27,2019,May,5
MONO,2019-05-01,115.54,2019,May,5
COUFFO,2019-05-01,118.33809523809524,2019,May,5
OUEME,2019-05-01,169.0,2019,May,5
PLATEAU,2019-05-01,121.6,2019,May,5
ATLANTIC,2019-05-01,146.225,2019,May,5
LITTORAL,2019-05-01,195.0,2019,May,5
BORGOU,2020-05-01,98.56607142857142,2020,May,5
ALIBORI,2020-05-01,59.815,2020,May,5
ATACORA,2020-05-01,67.10333333333332,2020,May,5
DONGA,2020-05-01,117.615,2020,May,5
ZOU,2020-05-01,88.05185185185185,2020,May,5
HILLS,2020-05-01,93.06428571428572,2020,May,5
MONO,2020-05-01,183.88958333333332,2020,May,5
COUFFO,2020-05-01,183.88958333333332,2020,May,5
OUEME,2020-05-01,185.70749999999998,2020,May,5
PLATEAU,2020-05-01,173.17368421052632,2020,May,5
ATLANTIC,2020-05-01,128.60833333333332,2020,May,5
LITTORAL,2020-05-01,87.55333333333333,2020,May,5
BORGOU,2021-05-01,82.6152,2021,May,5
ALIBORI,2021-05-01,37.913636363636364,2021,May,5
ATACORA,2021-05-01,80.39000000000001,2021,May,5
DONGA,2021-05-01,90.56952380952382,2021,May,5
ZOU,2021-05-01,105.21842948717948,2021,May,5
HILLS,2021-05-01,52.01310606060606,2021,May,5
MONO,2021-05-01,59.903571428571425,2021,May,5
COUFFO,2021-05-01,28.38,2021,May,5
OUEME,2021-05-01,81.23529411764706,2021,May,5
PLATEAU,2021-05-01,78.1157894736842,2021,May,5
ATLANTIC,2021-05-01,86.66666666666667,2021,May,5
LITTORAL,2021-05-01,201.10333333333335,2021,May,5
BORGOU,2022-05-01,97.80709677419354,2022,May,5
ALIBORI,2022-05-01,45.733333333333334,2022,May,5
ATACORA,2022-05-01,100.62,2022,May,5
DONGA,2022-05-01,100.13538461538462,2022,May,5
ZOU,2022-05-01,192.23275862068965,2022,May,5
HILLS,2022-05-01,112.7174193548387,2022,May,5
MONO,2022-05-01,158.70588235294116,2022,May,5
COUFFO,2022-05-01,204.61142857142855,2022,May,5
OUEME,2022-05-01,137.29999999999995,2022,May,5
PLATEAU,2022-05-01,116.15296442687747,2022,May,5
ATLANTIC,2022-05-01,156.3625,2022,May,5
LITTORAL,2022-05-01,84.43333333333334,2022,May,5
BORGOU,2023-05-01,86.915625,2023,May,5
ALIBORI,2023-05-01,39.10387096774193,2023,May,5
ATACORA,2023-05-01,90.2247619047619,2023,May,5
DONGA,2023-05-01,101.97000000000001,2023,May,5
ZOU,2023-05-01,146.5923076923077,2023,May,5
HILLS,2023-05-01,80.76909090909092,2023,May,5
MONO,2023-05-01,186.0090909090909,2023,May,5
COUFFO,2023-05-01,85.00571428571428,2023,May,5
OUEME,2023-05-01,179.95294117647063,2023,May,5
PLATEAU,2023-05-01,136.905,2023,May,5
ATLANTIC,2023-05-01,144.79999999999998,2023,May,5
LITTORAL,2023-05-01,81.56666666666668,2023,May,5
BORGOU,2012-06-01,158.71,2012,June,6
ALIBORI,2012-06-01,174.37,2012,June,6
ATACORA,2012-06-01,146.05,2012,June,6
DONGA,2012-06-01,188.1,2012,June,6
ZOU,2012-06-01,231.85,2012,June,6
HILLS,2012-06-01,117.35,2012,June,6
MONO,2012-06-01,219.29,2012,June,6
COUFFO,2012-06-01,226.61,2012,June,6
OUEME,2012-06-01,265.37,2012,June,6
PLATEAU,2012-06-01,183.81,2012,June,6
ATLANTIC,2012-06-01,199.56,2012,June,6
LITTORAL,2012-06-01,171.5,2012,June,6
BORGOU,2013-06-01,141.64354166666666,2013,June,6
ALIBORI,2013-06-01,151.60666666666668,2013,June,6
ATACORA,2013-06-01,170.96666666666664,2013,June,6
DONGA,2013-06-01,132.875,2013,June,6
ZOU,2013-06-01,92.19666666666666,2013,June,6
HILLS,2013-06-01,81.46999999999998,2013,June,6
MONO,2013-06-01,76.85368421052632,2013,June,6
COUFFO,2013-06-01,110.32399999999998,2013,June,6
OUEME,2013-06-01,88.5125,2013,June,6
PLATEAU,2013-06-01,72.57777777777777,2013,June,6
ATLANTIC,2013-06-01,115.35062499999998,2013,June,6
LITTORAL,2013-06-01,176.75,2013,June,6
BORGOU,2014-06-01,178.08125,2014,June,6
ALIBORI,2014-06-01,109.46500000000002,2014,June,6
ATACORA,2014-06-01,137.64230158730157,2014,June,6
DONGA,2014-06-01,134.54112103174603,2014,June,6
ZOU,2014-06-01,145.76555555555558,2014,June,6
HILLS,2014-06-01,143.88500000000002,2014,June,6
MONO,2014-06-01,114.56842105263159,2014,June,6
COUFFO,2014-06-01,175.392,2014,June,6
OUEME,2014-06-01,208.87037037037038,2014,June,6
PLATEAU,2014-06-01,99.076,2014,June,6
ATLANTIC,2014-06-01,185.18750000000003,2014,June,6
LITTORAL,2014-06-01,201.875,2014,June,6
BORGOU,2015-06-01,75.22757778881164,2015,June,6
ALIBORI,2015-06-01,75.13498168498168,2015,June,6
ATACORA,2015-06-01,66.00489961219812,2015,June,6
DONGA,2015-06-01,84.96268817204302,2015,June,6
ZOU,2015-06-01,122.336,2015,June,6
HILLS,2015-06-01,79.61250000000001,2015,June,6
MONO,2015-06-01,229.1233333333333,2015,June,6
COUFFO,2015-06-01,147.90400000000002,2015,June,6
OUEME,2015-06-01,340.35625,2015,June,6
PLATEAU,2015-06-01,156.61111111111111,2015,June,6
ATLANTIC,2015-06-01,293.64888888888885,2015,June,6
LITTORAL,2015-06-01,288.125,2015,June,6
BORGOU,2016-06-01,122.05906382978723,2016,June,6
ALIBORI,2016-06-01,106.90325396825396,2016,June,6
ATACORA,2016-06-01,112.13569607843138,2016,June,6
DONGA,2016-06-01,149.99922222222222,2016,June,6
ZOU,2016-06-01,167.41034482758621,2016,June,6
HILLS,2016-06-01,107.80483870967743,2016,June,6
MONO,2016-06-01,130.80555555555557,2016,June,6
COUFFO,2016-06-01,195.5564,2016,June,6
OUEME,2016-06-01,163.12857142857143,2016,June,6
PLATEAU,2016-06-01,175.55555555555554,2016,June,6
ATLANTIC,2016-06-01,125.02000000000001,2016,June,6
LITTORAL,2016-06-01,217.9,2016,June,6
BORGOU,2017-06-01,210.30375,2017,June,6
ALIBORI,2017-06-01,211.58939560439558,2017,June,6
ATACORA,2017-06-01,177.47,2017,June,6
DONGA,2017-06-01,183.1,2017,June,6
ZOU,2017-06-01,230.04,2017,June,6
HILLS,2017-06-01,197.53,2017,June,6
MONO,2017-06-01,177.92,2017,June,6
COUFFO,2017-06-01,175.4,2017,June,6
OUEME,2017-06-01,325.0,2017,June,6
PLATEAU,2017-06-01,231.64,2017,June,6
ATLANTIC,2017-06-01,153.27272727272728,2017,June,6
LITTORAL,2017-06-01,487.0,2017,June,6
BORGOU,2018-06-01,120.39000850340136,2018,June,6
ALIBORI,2018-06-01,130.89529411764707,2018,June,6
ATACORA,2018-06-01,97.11000000000001,2018,June,6
DONGA,2018-06-01,143.25388888888887,2018,June,6
ZOU,2018-06-01,199.79999999999998,2018,June,6
HILLS,2018-06-01,111.59785714285715,2018,June,6
MONO,2018-06-01,124.96666666666667,2018,June,6
COUFFO,2018-06-01,109.0086956521739,2018,June,6
OUEME,2018-06-01,186.0066666666667,2018,June,6
PLATEAU,2018-06-01,156.26241071428572,2018,June,6
ATLANTIC,2018-06-01,110.7625,2018,June,6
LITTORAL,2018-06-01,101.0,2018,June,6
BORGOU,2019-06-01,109.95,2019,June,6
ALIBORI,2019-06-01,100.67,2019,June,6
ATACORA,2019-06-01,129.89,2019,June,6
DONGA,2019-06-01,115.62,2019,June,6
ZOU,2019-06-01,168.93,2019,June,6
HILLS,2019-06-01,154.7,2019,June,6
MONO,2019-06-01,174.0,2019,June,6
COUFFO,2019-06-01,211.89523809523808,2019,June,6
OUEME,2019-06-01,235.0,2019,June,6
PLATEAU,2019-06-01,200.56,2019,June,6
ATLANTIC,2019-06-01,195.6,2019,June,6
LITTORAL,2019-06-01,160.0,2019,June,6
BORGOU,2020-06-01,182.3678571428571,2020,June,6
ALIBORI,2020-06-01,113.02,2020,June,6
ATACORA,2020-06-01,133.8722222222222,2020,June,6
DONGA,2020-06-01,179.89358974358973,2020,June,6
ZOU,2020-06-01,131.96148148148146,2020,June,6
HILLS,2020-06-01,134.65909090909093,2020,June,6
MONO,2020-06-01,203.85380952380953,2020,June,6
COUFFO,2020-06-01,203.85380952380953,2020,June,6
OUEME,2020-06-01,337.61499999999995,2020,June,6
PLATEAU,2020-06-01,220.48684210526315,2020,June,6
ATLANTIC,2020-06-01,243.11666666666667,2020,June,6
LITTORAL,2020-06-01,287.22,2020,June,6
BORGOU,2021-06-01,200.93599999999998,2021,June,6
ALIBORI,2021-06-01,128.64999999999998,2021,June,6
ATACORA,2021-06-01,165.74,2021,June,6
DONGA,2021-06-01,146.98083333333332,2021,June,6
ZOU,2021-06-01,35.99883643892339,2021,June,6
HILLS,2021-06-01,90.10666666666667,2021,June,6
MONO,2021-06-01,105.7,2021,June,6
COUFFO,2021-06-01,119.9542857142857,2021,June,6
OUEME,2021-06-01,156.72352941176473,2021,June,6
PLATEAU,2021-06-01,78.1157894736842,2021,June,6
ATLANTIC,2021-06-01,143.58333333333334,2021,June,6
LITTORAL,2021-06-01,381.65666666666664,2021,June,6
BORGOU,2022-06-01,163.50887652947722,2022,June,6
ALIBORI,2022-06-01,88.04292105263157,2022,June,6
ATACORA,2022-06-01,175.88,2022,June,6
DONGA,2022-06-01,172.59952380952382,2022,June,6
ZOU,2022-06-01,129.70192848020434,2022,June,6
HILLS,2022-06-01,81.22999999999999,2022,June,6
MONO,2022-06-01,163.25555555555556,2022,June,6
COUFFO,2022-06-01,216.19142857142856,2022,June,6
OUEME,2022-06-01,215.9941176470588,2022,June,6
PLATEAU,2022-06-01,222.39130434782606,2022,June,6
ATLANTIC,2022-06-01,200.95,2022,June,6
LITTORAL,2022-06-01,180.40333333333336,2022,June,6
BORGOU,2023-06-01,178.99375,2023,June,6
ALIBORI,2023-06-01,128.46148809523808,2023,June,6
ATACORA,2023-06-01,108.12,2023,June,6
DONGA,2023-06-01,155.27777777777777,2023,June,6
ZOU,2023-06-01,131.46923076923076,2023,June,6
HILLS,2023-06-01,86.0181995967742,2023,June,6
MONO,2023-06-01,84.33636363636364,2023,June,6
COUFFO,2023-06-01,90.16857142857143,2023,June,6
OUEME,2023-06-01,230.9235294117647,2023,June,6
PLATEAU,2023-06-01,167.595,2023,June,6
ATLANTIC,2023-06-01,190.58333333333334,2023,June,6
LITTORAL,2023-06-01,241.17,2023,June,6
BORGOU,2012-07-01,263.24,2012,July,7
ALIBORI,2012-07-01,234.52,2012,July,7
ATACORA,2012-07-01,241.55,2012,July,7
DONGA,2012-07-01,338.19,2012,July,7
ZOU,2012-07-01,159.34,2012,July,7
HILLS,2012-07-01,223.12,2012,July,7
MONO,2012-07-01,95.49,2012,July,7
COUFFO,2012-07-01,238.52,2012,July,7
OUEME,2012-07-01,109.88,2012,July,7
PLATEAU,2012-07-01,94.23,2012,July,7
ATLANTIC,2012-07-01,130.03,2012,July,7
LITTORAL,2012-07-01,55.37,2012,July,7
BORGOU,2013-07-01,109.70875000000001,2013,July,7
ALIBORI,2013-07-01,149.82500000000002,2013,July,7
ATACORA,2013-07-01,131.61111111111111,2013,July,7
DONGA,2013-07-01,158.525,2013,July,7
ZOU,2013-07-01,139.43111111111114,2013,July,7
HILLS,2013-07-01,118.33500000000002,2013,July,7
MONO,2013-07-01,68.77055555555556,2013,July,7
COUFFO,2013-07-01,133.155,2013,July,7
OUEME,2013-07-01,110.58148148148149,2013,July,7
PLATEAU,2013-07-01,121.85199999999998,2013,July,7
ATLANTIC,2013-07-01,90.68125,2013,July,7
LITTORAL,2013-07-01,94.625,2013,July,7
BORGOU,2014-07-01,125.01125000000002,2014,July,7
ALIBORI,2014-07-01,126.39,2014,July,7
ATACORA,2014-07-01,106.11011904761905,2014,July,7
DONGA,2014-07-01,137.3766369047619,2014,July,7
ZOU,2014-07-01,116.04390989869506,2014,July,7
HILLS,2014-07-01,129.22499507862133,2014,July,7
MONO,2014-07-01,133.06067557735537,2014,July,7
COUFFO,2014-07-01,134.91662348831136,2014,July,7
OUEME,2014-07-01,152.025,2014,July,7
PLATEAU,2014-07-01,188.33333333333331,2014,July,7
ATLANTIC,2014-07-01,127.22,2014,July,7
LITTORAL,2014-07-01,131.6875,2014,July,7
BORGOU,2015-07-01,124.95664502164502,2015,July,7
ALIBORI,2015-07-01,189.63275401069518,2015,July,7
ATACORA,2015-07-01,148.17130166251542,2015,July,7
DONGA,2015-07-01,166.0288961038961,2015,July,7
ZOU,2015-07-01,79.408,2015,July,7
HILLS,2015-07-01,63.51718749999999,2015,July,7
MONO,2015-07-01,116.08921568627451,2015,July,7
COUFFO,2015-07-01,56.232000000000006,2015,July,7
OUEME,2015-07-01,80.50000000000001,2015,July,7
PLATEAU,2015-07-01,87.07777777777778,2015,July,7
ATLANTIC,2015-07-01,79.01388888888889,2015,July,7
LITTORAL,2015-07-01,22.5,2015,July,7
BORGOU,2016-07-01,187.74229919181923,2016,July,7
ALIBORI,2016-07-01,147.25428571428571,2016,July,7
ATACORA,2016-07-01,176.69367346938776,2016,July,7
DONGA,2016-07-01,183.2309220032841,2016,July,7
ZOU,2016-07-01,88.32758620689656,2016,July,7
HILLS,2016-07-01,142.66206896551728,2016,July,7
MONO,2016-07-01,80.2888544891641,2016,July,7
COUFFO,2016-07-01,138.64,2016,July,7
OUEME,2016-07-01,60.34285714285715,2016,July,7
PLATEAU,2016-07-01,59.6888888888889,2016,July,7
ATLANTIC,2016-07-01,54.88111111111112,2016,July,7
LITTORAL,2016-07-01,35.1,2016,July,7
BORGOU,2017-07-01,253.18375,2017,July,7
ALIBORI,2017-07-01,74.15,2017,July,7
ATACORA,2017-07-01,228.36,2017,July,7
DONGA,2017-07-01,259.74,2017,July,7
ZOU,2017-07-01,49.59,2017,July,7
HILLS,2017-07-01,162.97,2017,July,7
MONO,2017-07-01,211.08,2017,July,7
COUFFO,2017-07-01,92.01666666666667,2017,July,7
OUEME,2017-07-01,203.0,2017,July,7
PLATEAU,2017-07-01,112.72,2017,July,7
ATLANTIC,2017-07-01,61.22727272727273,2017,July,7
LITTORAL,2017-07-01,193.0,2017,July,7
BORGOU,2018-07-01,275.78597789115645,2018,July,7
ALIBORI,2018-07-01,252.5805882352941,2018,July,7
ATACORA,2018-07-01,196.42555555555555,2018,July,7
DONGA,2018-07-01,233.8884615384615,2018,July,7
ZOU,2018-07-01,109.66666666666669,2018,July,7
HILLS,2018-07-01,179.46428571428572,2018,July,7
MONO,2018-07-01,61.60454545454545,2018,July,7
COUFFO,2018-07-01,91.55797101449275,2018,July,7
OUEME,2018-07-01,128.18333333333334,2018,July,7
PLATEAU,2018-07-01,151.5,2018,July,7
ATLANTIC,2018-07-01,78.75833333333333,2018,July,7
LITTORAL,2018-07-01,151.29999999999998,2018,July,7
BORGOU,2019-07-01,231.36,2019,July,7
ALIBORI,2019-07-01,220.1733333333333,2019,July,7
ATACORA,2019-07-01,211.61,2019,July,7
DONGA,2019-07-01,226.24,2019,July,7
ZOU,2019-07-01,187.36,2019,July,7
HILLS,2019-07-01,209.04,2019,July,7
MONO,2019-07-01,97.08,2019,July,7
COUFFO,2019-07-01,185.98571428571427,2019,July,7
OUEME,2019-07-01,144.0,2019,July,7
PLATEAU,2019-07-01,123.19,2019,July,7
ATLANTIC,2019-07-01,60.30833333333334,2019,July,7
LITTORAL,2019-07-01,82.0,2019,July,7
BORGOU,2020-07-01,225.41428571428574,2020,July,7
ALIBORI,2020-07-01,276.51,2020,July,7
ATACORA,2020-07-01,250.01333333333332,2020,July,7
DONGA,2020-07-01,289.3939393939394,2020,July,7
ZOU,2020-07-01,116.27962962962962,2020,July,7
HILLS,2020-07-01,214.84272727272727,2020,July,7
MONO,2020-07-01,59.16363636363636,2020,July,7
COUFFO,2020-07-01,67.63,2020,July,7
OUEME,2020-07-01,64.21000000000001,2020,July,7
PLATEAU,2020-07-01,111.76315789473684,2020,July,7
ATLANTIC,2020-07-01,47.49166666666667,2020,July,7
LITTORAL,2020-07-01,47.166666666666664,2020,July,7
BORGOU,2021-07-01,159.14479999999998,2021,July,7
ALIBORI,2021-07-01,209.16818181818184,2021,July,7
ATACORA,2021-07-01,261.93,2021,July,7
DONGA,2021-07-01,202.73257575757577,2021,July,7
ZOU,2021-07-01,94.44230769230771,2021,July,7
HILLS,2021-07-01,115.2230303030303,2021,July,7
MONO,2021-07-01,83.43333333333334,2021,July,7
COUFFO,2021-07-01,99.95142857142858,2021,July,7
OUEME,2021-07-01,162.5470588235294,2021,July,7
PLATEAU,2021-07-01,165.3578947368421,2021,July,7
ATLANTIC,2021-07-01,140.5,2021,July,7
LITTORAL,2021-07-01,134.20000000000002,2021,July,7
BORGOU,2022-07-01,164.9648387096774,2022,July,7
ALIBORI,2022-07-01,231.7161904761905,2022,July,7
ATACORA,2022-07-01,201.4,2022,July,7
DONGA,2022-07-01,164.17333333333335,2022,July,7
ZOU,2022-07-01,58.48275862068965,2022,July,7
HILLS,2022-07-01,137.71806451612903,2022,July,7
MONO,2022-07-01,15.166190476190476,2022,July,7
COUFFO,2022-07-01,32.94,2022,July,7
OUEME,2022-07-01,62.87058823529413,2022,July,7
PLATEAU,2022-07-01,56.90869565217392,2022,July,7
ATLANTIC,2022-07-01,41.925,2022,July,7
LITTORAL,2022-07-01,30.96666666666667,2022,July,7
BORGOU,2023-07-01,226.921875,2023,July,7
ALIBORI,2023-07-01,165.43263157894737,2023,July,7
ATACORA,2023-07-01,181.80357142857144,2023,July,7
DONGA,2023-07-01,269.48333333333335,2023,July,7
ZOU,2023-07-01,269.2373076923077,2023,July,7
HILLS,2023-07-01,68.0,2023,July,7
MONO,2023-07-01,148.2881818181818,2023,July,7
COUFFO,2023-07-01,174.4142857142857,2023,July,7
OUEME,2023-07-01,274.05588235294124,2023,July,7
PLATEAU,2023-07-01,198.52,2023,July,7
ATLANTIC,2023-07-01,166.2,2023,July,7
LITTORAL,2023-07-01,3.3333333333333335,2023,July,7
BORGOU,2012-08-01,180.64,2012,August,8
ALIBORI,2012-08-01,208.25,2012,August,8
ATACORA,2012-08-01,166.08,2012,August,8
DONGA,2012-08-01,349.76,2012,August,8
ZOU,2012-08-01,87.42,2012,August,8
HILLS,2012-08-01,92.5,2012,August,8
MONO,2012-08-01,57.82,2012,August,8
COUFFO,2012-08-01,76.3,2012,August,8
OUEME,2012-08-01,47.82,2012,August,8
PLATEAU,2012-08-01,57.92,2012,August,8
ATLANTIC,2012-08-01,56.46,2012,August,8
LITTORAL,2012-08-01,12.5,2012,August,8
BORGOU,2013-08-01,141.3725,2013,August,8
ALIBORI,2013-08-01,229.1983333333333,2013,August,8
ATACORA,2013-08-01,199.59990740740741,2013,August,8
DONGA,2013-08-01,161.71763888888887,2013,August,8
ZOU,2013-08-01,33.900000000000006,2013,August,8
HILLS,2013-08-01,110.16499999999998,2013,August,8
MONO,2013-08-01,37.101388888888884,2013,August,8
COUFFO,2013-08-01,10.715277777777779,2013,August,8
OUEME,2013-08-01,11.80925925925926,2013,August,8
PLATEAU,2013-08-01,31.788666666666664,2013,August,8
ATLANTIC,2013-08-01,18.265,2013,August,8
LITTORAL,2013-08-01,0.0,2013,August,8
BORGOU,2014-08-01,231.38125,2014,August,8
ALIBORI,2014-08-01,203.88500000000002,2014,August,8
ATACORA,2014-08-01,156.58526455026455,2014,August,8
DONGA,2014-08-01,223.04656746031748,2014,August,8
ZOU,2014-08-01,114.695,2014,August,8
HILLS,2014-08-01,114.525,2014,August,8
MONO,2014-08-01,80.425,2014,August,8
COUFFO,2014-08-01,88.09305555555557,2014,August,8
OUEME,2014-08-01,105.7074074074074,2014,August,8
PLATEAU,2014-08-01,85.76,2014,August,8
ATLANTIC,2014-08-01,82.05574999999999,2014,August,8
LITTORAL,2014-08-01,57.5,2014,August,8
BORGOU,2015-08-01,269.18710680828605,2015,August,8
ALIBORI,2015-08-01,272.4220588235294,2015,August,8
ATACORA,2015-08-01,248.2804831375521,2015,August,8
DONGA,2015-08-01,273.8368008104243,2015,August,8
ZOU,2015-08-01,65.98,2015,August,8
HILLS,2015-08-01,88.1234375,2015,August,8
MONO,2015-08-01,30.061111111111106,2015,August,8
COUFFO,2015-08-01,57.78,2015,August,8
OUEME,2015-08-01,46.115625,2015,August,8
PLATEAU,2015-08-01,47.61666666666667,2015,August,8
ATLANTIC,2015-08-01,31.63666666666667,2015,August,8
LITTORAL,2015-08-01,26.75,2015,August,8
BORGOU,2016-08-01,221.22844125809434,2016,August,8
ALIBORI,2016-08-01,295.790756302521,2016,August,8
ATACORA,2016-08-01,185.3463508447344,2016,August,8
DONGA,2016-08-01,240.13186206896552,2016,August,8
ZOU,2016-08-01,74.5923645320197,2016,August,8
HILLS,2016-08-01,161.07064516129032,2016,August,8
MONO,2016-08-01,25.394444444444442,2016,August,8
COUFFO,2016-08-01,41.4188,2016,August,8
OUEME,2016-08-01,25.607142857142858,2016,August,8
PLATEAU,2016-08-01,42.266666666666666,2016,August,8
ATLANTIC,2016-08-01,26.591111111111115,2016,August,8
LITTORAL,2016-08-01,30.13,2016,August,8
BORGOU,2017-08-01,233.845,2017,August,8
ALIBORI,2017-08-01,140.57368421052632,2017,August,8
ATACORA,2017-08-01,183.33,2017,August,8
DONGA,2017-08-01,251.05,2017,August,8
ZOU,2017-08-01,30.84,2017,August,8
HILLS,2017-08-01,162.78,2017,August,8
MONO,2017-08-01,42.47,2017,August,8
COUFFO,2017-08-01,70.60000000000001,2017,August,8
OUEME,2017-08-01,65.0,2017,August,8
PLATEAU,2017-08-01,70.86,2017,August,8
ATLANTIC,2017-08-01,17.69090909090909,2017,August,8
LITTORAL,2017-08-01,102.1,2017,August,8
BORGOU,2018-08-01,339.5544642857143,2018,August,8
ALIBORI,2018-08-01,327.4323529411765,2018,August,8
ATACORA,2018-08-01,269.43555555555554,2018,August,8
DONGA,2018-08-01,229.50576923076923,2018,August,8
ZOU,2018-08-01,100.84333333333333,2018,August,8
HILLS,2018-08-01,213.84285714285713,2018,August,8
MONO,2018-08-01,70.06363636363636,2018,August,8
COUFFO,2018-08-01,91.99565217391304,2018,August,8
OUEME,2018-08-01,76.12000000000002,2018,August,8
PLATEAU,2018-08-01,99.72142857142856,2018,August,8
ATLANTIC,2018-08-01,77.45,2018,August,8
LITTORAL,2018-08-01,87.79,2018,August,8
BORGOU,2019-08-01,186.66,2019,August,8
ALIBORI,2019-08-01,297.4533333333333,2019,August,8
ATACORA,2019-08-01,220.53,2019,August,8
DONGA,2019-08-01,222.99,2019,August,8
ZOU,2019-08-01,66.47,2019,August,8
HILLS,2019-08-01,232.23,2019,August,8
MONO,2019-08-01,8.69,2019,August,8
COUFFO,2019-08-01,47.81904761904762,2019,August,8
OUEME,2019-08-01,17.0,2019,August,8
PLATEAU,2019-08-01,29.41,2019,August,8
ATLANTIC,2019-08-01,22.349999999999998,2019,August,8
LITTORAL,2019-08-01,53.2,2019,August,8
BORGOU,2020-08-01,122.70714285714287,2020,August,8
ALIBORI,2020-08-01,298.71250000000003,2020,August,8
ATACORA,2020-08-01,145.36111111111111,2020,August,8
DONGA,2020-08-01,124.95454545454545,2020,August,8
ZOU,2020-08-01,30.240740740740737,2020,August,8
HILLS,2020-08-01,44.34177489177489,2020,August,8
MONO,2020-08-01,0.07727272727272727,2020,August,8
COUFFO,2020-08-01,0.08095238095238096,2020,August,8
OUEME,2020-08-01,0.13999999999999999,2020,August,8
PLATEAU,2020-08-01,0.4473684210526316,2020,August,8
ATLANTIC,2020-08-01,3.294166666666667,2020,August,8
LITTORAL,2020-08-01,0.0,2020,August,8
BORGOU,2021-08-01,319.1416,2021,August,8
ALIBORI,2021-08-01,117.68636363636361,2021,August,8
ATACORA,2021-08-01,250.81933333333336,2021,August,8
DONGA,2021-08-01,285.5007692307692,2021,August,8
ZOU,2021-08-01,124.78148148148148,2021,August,8
HILLS,2021-08-01,282.93030303030304,2021,August,8
MONO,2021-08-01,113.15,2021,August,8
COUFFO,2021-08-01,102.18857142857144,2021,August,8
OUEME,2021-08-01,119.98823529411764,2021,August,8
PLATEAU,2021-08-01,122.63684210526316,2021,August,8
ATLANTIC,2021-08-01,99.425,2021,August,8
LITTORAL,2021-08-01,264.3666666666667,2021,August,8
BORGOU,2022-08-01,277.65032258064514,2022,August,8
ALIBORI,2022-08-01,265.9666666666667,2022,August,8
ATACORA,2022-08-01,165.84,2022,August,8
DONGA,2022-08-01,299.49380952380955,2022,August,8
ZOU,2022-08-01,95.44992503748128,2022,August,8
HILLS,2022-08-01,294.7506451612903,2022,August,8
MONO,2022-08-01,50.77582417582418,2022,August,8
COUFFO,2022-08-01,36.23942857142857,2022,August,8
OUEME,2022-08-01,41.26470588235294,2022,August,8
PLATEAU,2022-08-01,68.66956521739131,2022,August,8
ATLANTIC,2022-08-01,55.75,2022,August,8
LITTORAL,2022-08-01,16.833333333333332,2022,August,8
BORGOU,2023-08-01,277.00624999999997,2023,August,8
ALIBORI,2023-08-01,312.69473684210527,2023,August,8
ATACORA,2023-08-01,351.67133333333334,2023,August,8
DONGA,2023-08-01,227.07777777777778,2023,August,8
ZOU,2023-08-01,128.82953846153848,2023,August,8
HILLS,2023-08-01,143.84722924901186,2023,August,8
MONO,2023-08-01,64.11727272727272,2023,August,8
COUFFO,2023-08-01,78.02,2023,August,8
OUEME,2023-08-01,90.16470588235293,2023,August,8
PLATEAU,2023-08-01,100.21944444444445,2023,August,8
ATLANTIC,2023-08-01,87.90833333333333,2023,August,8
LITTORAL,2023-08-01,27.486666666666665,2023,August,8
BORGOU,2012-09-01,313.28,2012,September,9
ALIBORI,2012-09-01,226.38,2012,September,9
ATACORA,2012-09-01,174.47,2012,September,9
DONGA,2012-09-01,237.83,2012,September,9
ZOU,2012-09-01,183.71,2012,September,9
HILLS,2012-09-01,180.1,2012,September,9
MONO,2012-09-01,75.1,2012,September,9
COUFFO,2012-09-01,134.01,2012,September,9
OUEME,2012-09-01,190.27,2012,September,9
PLATEAU,2012-09-01,134.24,2012,September,9
ATLANTIC,2012-09-01,70.94,2012,September,9
LITTORAL,2012-09-01,139.5,2012,September,9
BORGOU,2013-09-01,249.41125000000002,2013,September,9
ALIBORI,2013-09-01,182.90333333333334,2013,September,9
ATACORA,2013-09-01,252.6277777777778,2013,September,9
DONGA,2013-09-01,192.53013888888887,2013,September,9
ZOU,2013-09-01,113.70244444444445,2013,September,9
HILLS,2013-09-01,126.75666666666666,2013,September,9
MONO,2013-09-01,92.74027777777776,2013,September,9
COUFFO,2013-09-01,127.79722222222222,2013,September,9
OUEME,2013-09-01,123.72037037037038,2013,September,9
PLATEAU,2013-09-01,122.48600000000002,2013,September,9
ATLANTIC,2013-09-01,127.640625,2013,September,9
LITTORAL,2013-09-01,148.575,2013,September,9
BORGOU,2014-09-01,213.38375000000002,2014,September,9
ALIBORI,2014-09-01,272.7283333333333,2014,September,9
ATACORA,2014-09-01,263.4981481481482,2014,September,9
DONGA,2014-09-01,240.27166666666668,2014,September,9
ZOU,2014-09-01,167.4322222222222,2014,September,9
HILLS,2014-09-01,214.31333333333336,2014,September,9
MONO,2014-09-01,144.48611111111111,2014,September,9
COUFFO,2014-09-01,154.95305555555555,2014,September,9
OUEME,2014-09-01,1304.246666666667,2014,September,9
PLATEAU,2014-09-01,957.9736666666668,2014,September,9
ATLANTIC,2014-09-01,135.7885,2014,September,9
LITTORAL,2014-09-01,106.63,2014,September,9
BORGOU,2015-09-01,186.56553200767488,2015,September,9
ALIBORI,2015-09-01,265.4810606060606,2015,September,9
ATACORA,2015-09-01,204.71853164657676,2015,September,9
DONGA,2015-09-01,213.1588669950739,2015,September,9
ZOU,2015-09-01,84.13,2015,September,9
HILLS,2015-09-01,98.80833333333332,2015,September,9
MONO,2015-09-01,40.81944444444444,2015,September,9
COUFFO,2015-09-01,73.512,2015,September,9
OUEME,2015-09-01,64.77375,2015,September,9
PLATEAU,2015-09-01,105.8822222222222,2015,September,9
ATLANTIC,2015-09-01,40.489444444444445,2015,September,9
LITTORAL,2015-09-01,69.0,2015,September,9
BORGOU,2016-09-01,249.97284125379173,2016,September,9
ALIBORI,2016-09-01,323.8329981846111,2016,September,9
ATACORA,2016-09-01,267.89779891304346,2016,September,9
DONGA,2016-09-01,269.24066666666664,2016,September,9
ZOU,2016-09-01,225.22172413793106,2016,September,9
HILLS,2016-09-01,113.63064516129032,2016,September,9
MONO,2016-09-01,121.16470588235295,2016,September,9
COUFFO,2016-09-01,157.1524,2016,September,9
OUEME,2016-09-01,169.2357142857143,2016,September,9
PLATEAU,2016-09-01,132.26111111111112,2016,September,9
ATLANTIC,2016-09-01,131.80055555555555,2016,September,9
LITTORAL,2016-09-01,6.25,2016,September,9
BORGOU,2017-09-01,197.95375,2017,September,9
ALIBORI,2017-09-01,0.0,2017,September,9
ATACORA,2017-09-01,148.4,2017,September,9
DONGA,2017-09-01,96.11,2017,September,9
ZOU,2017-09-01,35.23,2017,September,9
HILLS,2017-09-01,101.44,2017,September,9
MONO,2017-09-01,90.06,2017,September,9
COUFFO,2017-09-01,149.56666666666666,2017,September,9
OUEME,2017-09-01,122.0,2017,September,9
PLATEAU,2017-09-01,101.54,2017,September,9
ATLANTIC,2017-09-01,94.83727272727273,2017,September,9
LITTORAL,2017-09-01,156.7,2017,September,9
BORGOU,2018-09-01,309.3168792517007,2018,September,9
ALIBORI,2018-09-01,227.22294117647058,2018,September,9
ATACORA,2018-09-01,210.20000000000002,2018,September,9
DONGA,2018-09-01,248.9333333333333,2018,September,9
ZOU,2018-09-01,216.83333333333334,2018,September,9
HILLS,2018-09-01,235.89499999999998,2018,September,9
MONO,2018-09-01,107.70909090909089,2018,September,9
COUFFO,2018-09-01,162.87434782608693,2018,September,9
OUEME,2018-09-01,170.62333333333333,2018,September,9
PLATEAU,2018-09-01,207.70714285714286,2018,September,9
ATLANTIC,2018-09-01,125.225,2018,September,9
LITTORAL,2018-09-01,154.81,2018,September,9
BORGOU,2019-09-01,225.96,2019,September,9
ALIBORI,2019-09-01,200.00333333333336,2019,September,9
ATACORA,2019-09-01,160.95,2019,September,9
DONGA,2019-09-01,281.24,2019,September,9
ZOU,2019-09-01,187.55,2019,September,9
HILLS,2019-09-01,169.43,2019,September,9
MONO,2019-09-01,109.02,2019,September,9
COUFFO,2019-09-01,131.85238095238094,2019,September,9
OUEME,2019-09-01,227.0,2019,September,9
PLATEAU,2019-09-01,155.31,2019,September,9
ATLANTIC,2019-09-01,162.85833333333332,2019,September,9
LITTORAL,2019-09-01,234.6,2019,September,9
BORGOU,2020-09-01,291.00714285714287,2020,September,9
ALIBORI,2020-09-01,245.69,2020,September,9
ATACORA,2020-09-01,288.3527777777778,2020,September,9
DONGA,2020-09-01,307.8818181818182,2020,September,9
ZOU,2020-09-01,179.4762037037037,2020,September,9
HILLS,2020-09-01,131.29999999999998,2020,September,9
MONO,2020-09-01,94.78869565217391,2020,September,9
COUFFO,2020-09-01,113.857,2020,September,9
OUEME,2020-09-01,196.6875,2020,September,9
PLATEAU,2020-09-01,185.58947368421053,2020,September,9
ATLANTIC,2020-09-01,145.90833333333333,2020,September,9
LITTORAL,2020-09-01,210.97333333333336,2020,September,9
BORGOU,2021-09-01,245.59120000000001,2021,September,9
ALIBORI,2021-09-01,201.94318181818184,2021,September,9
ATACORA,2021-09-01,198.876,2021,September,9
DONGA,2021-09-01,244.19,2021,September,9
ZOU,2021-09-01,170.52307692307693,2021,September,9
HILLS,2021-09-01,207.28606060606063,2021,September,9
MONO,2021-09-01,57.6,2021,September,9
COUFFO,2021-09-01,121.13999999999999,2021,September,9
OUEME,2021-09-01,237.65294117647056,2021,September,9
PLATEAU,2021-09-01,259.13684210526316,2021,September,9
ATLANTIC,2021-09-01,234.91666666666669,2021,September,9
LITTORAL,2021-09-01,304.08,2021,September,9
BORGOU,2022-09-01,203.9648387096774,2022,September,9
ALIBORI,2022-09-01,291.24761904761897,2022,September,9
ATACORA,2022-09-01,251.21666666666667,2022,September,9
DONGA,2022-09-01,204.04577777777777,2022,September,9
ZOU,2022-09-01,194.63883780332057,2022,September,9
HILLS,2022-09-01,213.65516129032255,2022,September,9
MONO,2022-09-01,123.32377450980391,2022,September,9
COUFFO,2022-09-01,137.2545714285714,2022,September,9
OUEME,2022-09-01,218.6588235294118,2022,September,9
PLATEAU,2022-09-01,166.83043478260868,2022,September,9
ATLANTIC,2022-09-01,126.63125,2022,September,9
LITTORAL,2022-09-01,214.38,2022,September,9
BORGOU,2023-09-01,202.98624999999998,2023,September,9
ALIBORI,2023-09-01,176.6745614035088,2023,September,9
ATACORA,2023-09-01,252.73666666666668,2023,September,9
DONGA,2023-09-01,179.525,2023,September,9
ZOU,2023-09-01,175.85038461538463,2023,September,9
HILLS,2023-09-01,274.3355919442876,2023,September,9
MONO,2023-09-01,174.14545454545456,2023,September,9
COUFFO,2023-09-01,157.93714285714285,2023,September,9
OUEME,2023-09-01,276.0176470588235,2023,September,9
PLATEAU,2023-09-01,175.76111111111112,2023,September,9
ATLANTIC,2023-09-01,265.0,2023,September,9
LITTORAL,2023-09-01,172.44,2023,September,9
BORGOU,2012-10-01,116.99,2012,October,10
ALIBORI,2012-10-01,31.39,2012,October,10
ATACORA,2012-10-01,149.98,2012,October,10
DONGA,2012-10-01,93.73,2012,October,10
ZOU,2012-10-01,161.86,2012,October,10
HILLS,2012-10-01,110.67,2012,October,10
MONO,2012-10-01,186.45,2012,October,10
COUFFO,2012-10-01,144.84,2012,October,10
OUEME,2012-10-01,198.05,2012,October,10
PLATEAU,2012-10-01,177.97,2012,October,10
ATLANTIC,2012-10-01,203.92,2012,October,10
LITTORAL,2012-10-01,187.0,2012,October,10
BORGOU,2013-10-01,83.92375000000001,2013,October,10
ALIBORI,2013-10-01,42.92333333333334,2013,October,10
ATACORA,2013-10-01,69.55555555555556,2013,October,10
DONGA,2013-10-01,72.375,2013,October,10
ZOU,2013-10-01,70.44333333333333,2013,October,10
HILLS,2013-10-01,86.325,2013,October,10
MONO,2013-10-01,104.50210526315789,2013,October,10
COUFFO,2013-10-01,126.03611111111111,2013,October,10
OUEME,2013-10-01,134.8635185185185,2013,October,10
PLATEAU,2013-10-01,103.53266666666666,2013,October,10
ATLANTIC,2013-10-01,92.25999999999999,2013,October,10
LITTORAL,2013-10-01,143.374,2013,October,10
BORGOU,2014-10-01,91.35500000000002,2014,October,10
ALIBORI,2014-10-01,64.27333333333334,2014,October,10
ATACORA,2014-10-01,81.37787037037037,2014,October,10
DONGA,2014-10-01,1.25,2014,October,10
ZOU,2014-10-01,139.9633333333333,2014,October,10
HILLS,2014-10-01,158.52,2014,October,10
MONO,2014-10-01,93.11527777777776,2014,October,10
COUFFO,2014-10-01,92.35638888888889,2014,October,10
OUEME,2014-10-01,181.64074074074077,2014,October,10
PLATEAU,2014-10-01,150.48533333333333,2014,October,10
ATLANTIC,2014-10-01,150.90937499999998,2014,October,10
LITTORAL,2014-10-01,124.0,2014,October,10
BORGOU,2015-10-01,102.66418457606028,2015,October,10
ALIBORI,2015-10-01,76.03762626262626,2015,October,10
ATACORA,2015-10-01,0.0,2015,October,10
DONGA,2015-10-01,0.0,2015,October,10
ZOU,2015-10-01,156.257,2015,October,10
HILLS,2015-10-01,88.96747311827957,2015,October,10
MONO,2015-10-01,132.84460784313725,2015,October,10
COUFFO,2015-10-01,116.024,2015,October,10
OUEME,2015-10-01,152.64437500000003,2015,October,10
PLATEAU,2015-10-01,183.25944444444448,2015,October,10
ATLANTIC,2015-10-01,126.34944444444444,2015,October,10
LITTORAL,2015-10-01,136.91000000000003,2015,October,10
BORGOU,2016-10-01,35.36112689393939,2016,October,10
ALIBORI,2016-10-01,40.99267676767676,2016,October,10
ATACORA,2016-10-01,40.44391534391534,2016,October,10
DONGA,2016-10-01,67.98823529411764,2016,October,10
ZOU,2016-10-01,162.44137931034481,2016,October,10
HILLS,2016-10-01,50.74292712066905,2016,October,10
MONO,2016-10-01,109.34235294117647,2016,October,10
COUFFO,2016-10-01,97.868,2016,October,10
OUEME,2016-10-01,234.92142857142855,2016,October,10
PLATEAU,2016-10-01,182.2,2016,October,10
ATLANTIC,2016-10-01,140.41222222222223,2016,October,10
LITTORAL,2016-10-01,206.25,2016,October,10
BORGOU,2017-10-01,42.83375,2017,October,10
ALIBORI,2017-10-01,0.0,2017,October,10
ATACORA,2017-10-01,51.08,2017,October,10
DONGA,2017-10-01,26.22,2017,October,10
ZOU,2017-10-01,7.99,2017,October,10
HILLS,2017-10-01,15.02,2017,October,10
MONO,2017-10-01,66.29,2017,October,10
COUFFO,2017-10-01,101.26388888888887,2017,October,10
OUEME,2017-10-01,70.0,2017,October,10
PLATEAU,2017-10-01,58.23,2017,October,10
ATLANTIC,2017-10-01,169.47363636363636,2017,October,10
LITTORAL,2017-10-01,21.0,2017,October,10
BORGOU,2018-10-01,100.51577380952384,2018,October,10
ALIBORI,2018-10-01,85.6661111111111,2018,October,10
ATACORA,2018-10-01,78.23444444444445,2018,October,10
DONGA,2018-10-01,82.39545454545454,2018,October,10
ZOU,2018-10-01,124.61666666666666,2018,October,10
HILLS,2018-10-01,100.36428571428573,2018,October,10
MONO,2018-10-01,212.11,2018,October,10
COUFFO,2018-10-01,109.03399209486165,2018,October,10
OUEME,2018-10-01,171.20666666666662,2018,October,10
PLATEAU,2018-10-01,0.0,2018,October,10
ATLANTIC,2018-10-01,196.08083333333332,2018,October,10
LITTORAL,2018-10-01,169.1,2018,October,10
BORGOU,2019-10-01,200.43,2019,October,10
ALIBORI,2019-10-01,120.27722222222222,2019,October,10
ATACORA,2019-10-01,188.58,2019,October,10
DONGA,2019-10-01,15.3,2019,October,10
ZOU,2019-10-01,254.32,2019,October,10
HILLS,2019-10-01,210.12,2019,October,10
MONO,2019-10-01,277.65,2019,October,10
COUFFO,2019-10-01,263.72380952380956,2019,October,10
OUEME,2019-10-01,353.0,2019,October,10
PLATEAU,2019-10-01,216.52,2019,October,10
ATLANTIC,2019-10-01,278.55833333333334,2019,October,10
LITTORAL,2019-10-01,398.0,2019,October,10
BORGOU,2020-10-01,0.0,2020,October,10
ALIBORI,2020-10-01,100.05992063492063,2020,October,10
ATACORA,2020-10-01,0.0,2020,October,10
DONGA,2020-10-01,0.0,2020,October,10
ZOU,2020-10-01,0.0,2020,October,10
HILLS,2020-10-01,126.01136363636364,2020,October,10
MONO,2020-10-01,0.0,2020,October,10
COUFFO,2020-10-01,144.35526315789474,2020,October,10
OUEME,2020-10-01,170.39499999999998,2020,October,10
PLATEAU,2020-10-01,140.3815789473684,2020,October,10
ATLANTIC,2020-10-01,0.0,2020,October,10
LITTORAL,2020-10-01,0.0,2020,October,10
BORGOU,2021-10-01,0.0,2021,October,10
ALIBORI,2021-10-01,5.8136363636363635,2021,October,10
ATACORA,2021-10-01,92.38,2021,October,10
DONGA,2021-10-01,76.49666666666667,2021,October,10
ZOU,2021-10-01,98.49692307692308,2021,October,10
HILLS,2021-10-01,100.90727272727273,2021,October,10
MONO,2021-10-01,158.6,2021,October,10
COUFFO,2021-10-01,101.47142857142856,2021,October,10
OUEME,2021-10-01,218.0235294117647,2021,October,10
PLATEAU,2021-10-01,185.9263157894737,2021,October,10
ATLANTIC,2021-10-01,166.51666666666665,2021,October,10
LITTORAL,2021-10-01,251.51,2021,October,10
BORGOU,2022-10-01,73.28774193548387,2022,October,10
ALIBORI,2022-10-01,51.87142857142857,2022,October,10
ATACORA,2022-10-01,88.53266666666667,2022,October,10
DONGA,2022-10-01,66.09117647058824,2022,October,10
ZOU,2022-10-01,123.08620689655174,2022,October,10
HILLS,2022-10-01,89.00967741935483,2022,October,10
MONO,2022-10-01,166.28619047619048,2022,October,10
COUFFO,2022-10-01,106.27428571428572,2022,October,10
OUEME,2022-10-01,176.03529411764708,2022,October,10
PLATEAU,2022-10-01,207.13478260869567,2022,October,10
ATLANTIC,2022-10-01,224.5,2022,October,10
LITTORAL,2022-10-01,100.81666666666666,2022,October,10
BORGOU,2023-10-01,160.85,2023,October,10
ALIBORI,2023-10-01,39.91986215538847,2023,October,10
ATACORA,2023-10-01,84.9,2023,October,10
DONGA,2023-10-01,76.81428571428572,2023,October,10
ZOU,2023-10-01,185.88697802197805,2023,October,10
HILLS,2023-10-01,207.52335664335664,2023,October,10
MONO,2023-10-01,117.07272727272726,2023,October,10
COUFFO,2023-10-01,143.04742857142858,2023,October,10
OUEME,2023-10-01,226.19117647058823,2023,October,10
PLATEAU,2023-10-01,192.77222222222224,2023,October,10
ATLANTIC,2023-10-01,85.4625,2023,October,10
LITTORAL,2023-10-01,120.80000000000001,2023,October,10
BORGOU,2012-11-01,1.01,2012,November,11
ALIBORI,2012-11-01,1.06,2012,November,11
ATACORA,2012-11-01,3.69,2012,November,11
DONGA,2012-11-01,3.67,2012,November,11
ZOU,2012-11-01,8.81,2012,November,11
HILLS,2012-11-01,0.56,2012,November,11
MONO,2012-11-01,38.32,2012,November,11
COUFFO,2012-11-01,24.78,2012,November,11
OUEME,2012-11-01,49.79,2012,November,11
PLATEAU,2012-11-01,37.5,2012,November,11
ATLANTIC,2012-11-01,87.21,2012,November,11
LITTORAL,2012-11-01,46.25,2012,November,11
BORGOU,2013-11-01,0.0,2013,November,11
ALIBORI,2013-11-01,0.0,2013,November,11
ATACORA,2013-11-01,17.833333333333336,2013,November,11
DONGA,2013-11-01,31.7,2013,November,11
ZOU,2013-11-01,39.52,2013,November,11
HILLS,2013-11-01,0.0,2013,November,11
MONO,2013-11-01,51.31894736842106,2013,November,11
COUFFO,2013-11-01,40.36694444444444,2013,November,11
OUEME,2013-11-01,65.40333333333334,2013,November,11
PLATEAU,2013-11-01,19.03333333333333,2013,November,11
ATLANTIC,2013-11-01,55.862500000000004,2013,November,11
LITTORAL,2013-11-01,0.0,2013,November,11
BORGOU,2014-11-01,0.0,2014,November,11
ALIBORI,2014-11-01,0.0,2014,November,11
ATACORA,2014-11-01,23.712037037037035,2014,November,11
DONGA,2014-11-01,22.994642857142857,2014,November,11
ZOU,2014-11-01,40.2,2014,November,11
HILLS,2014-11-01,8.83,2014,November,11
MONO,2014-11-01,120.59444444444443,2014,November,11
COUFFO,2014-11-01,66.49444444444444,2014,November,11
OUEME,2014-11-01,122.40000000000002,2014,November,11
PLATEAU,2014-11-01,98.75,2014,November,11
ATLANTIC,2014-11-01,117.05725000000001,2014,November,11
LITTORAL,2014-11-01,71.25,2014,November,11
BORGOU,2015-11-01,0.0,2015,November,11
ALIBORI,2015-11-01,0.0,2015,November,11
ATACORA,2015-11-01,0.0,2015,November,11
DONGA,2015-11-01,0.0,2015,November,11
ZOU,2015-11-01,20.18125,2015,November,11
HILLS,2015-11-01,3.293548387096774,2015,November,11
MONO,2015-11-01,0.0,2015,November,11
COUFFO,2015-11-01,0.0,2015,November,11
OUEME,2015-11-01,62.118750000000006,2015,November,11
PLATEAU,2015-11-01,39.62388888888889,2015,November,11
ATLANTIC,2015-11-01,70.57944444444445,2015,November,11
LITTORAL,2015-11-01,6.25,2015,November,11
BORGOU,2016-11-01,0.0,2016,November,11
ALIBORI,2016-11-01,0.0,2016,November,11
ATACORA,2016-11-01,0.0,2016,November,11
DONGA,2016-11-01,0.0,2016,November,11
ZOU,2016-11-01,10.206896551724137,2016,November,11
HILLS,2016-11-01,0.8148148148148148,2016,November,11
MONO,2016-11-01,46.58823529411765,2016,November,11
COUFFO,2016-11-01,13.657692307692308,2016,November,11
OUEME,2016-11-01,49.028571428571425,2016,November,11
PLATEAU,2016-11-01,6.85,2016,November,11
ATLANTIC,2016-11-01,61.837777777777774,2016,November,11
LITTORAL,2016-11-01,28.13,2016,November,11
BORGOU,2017-11-01,0.0,2017,November,11
ALIBORI,2017-11-01,0.0,2017,November,11
ATACORA,2017-11-01,0.0,2017,November,11
DONGA,2017-11-01,0.0,2017,November,11
ZOU,2017-11-01,7.73,2017,November,11
HILLS,2017-11-01,0.0,2017,November,11
MONO,2017-11-01,58.65,2017,November,11
COUFFO,2017-11-01,22.791666666666668,2017,November,11
OUEME,2017-11-01,52.0,2017,November,11
PLATEAU,2017-11-01,15.32,2017,November,11
ATLANTIC,2017-11-01,88.26363636363637,2017,November,11
LITTORAL,2017-11-01,47.0,2017,November,11
BORGOU,2018-11-01,0.0,2018,November,11
ALIBORI,2018-11-01,0.0,2018,November,11
ATACORA,2018-11-01,0.0,2018,November,11
DONGA,2018-11-01,0.0,2018,November,11
ZOU,2018-11-01,18.7,2018,November,11
HILLS,2018-11-01,4.121428571428572,2018,November,11
MONO,2018-11-01,29.714285714285715,2018,November,11
COUFFO,2018-11-01,14.691304347826089,2018,November,11
OUEME,2018-11-01,51.926,2018,November,11
PLATEAU,2018-11-01,0.0,2018,November,11
ATLANTIC,2018-11-01,68.81666666666666,2018,November,11
LITTORAL,2018-11-01,76.8,2018,November,11
BORGOU,2019-11-01,4.75,2019,November,11
ALIBORI,2019-11-01,0.0,2019,November,11
ATACORA,2019-11-01,3.71,2019,November,11
DONGA,2019-11-01,0.0,2019,November,11
ZOU,2019-11-01,50.1,2019,November,11
HILLS,2019-11-01,15.39,2019,November,11
MONO,2019-11-01,107.0,2019,November,11
COUFFO,2019-11-01,60.82857142857143,2019,November,11
OUEME,2019-11-01,114.0,2019,November,11
PLATEAU,2019-11-01,55.79,2019,November,11
ATLANTIC,2019-11-01,88.80833333333334,2019,November,11
LITTORAL,2019-11-01,66.3,2019,November,11
BORGOU,2020-11-01,0.0,2020,November,11
ALIBORI,2020-11-01,0.0,2020,November,11
ATACORA,2020-11-01,0.0,2020,November,11
DONGA,2020-11-01,0.0,2020,November,11
ZOU,2020-11-01,0.0,2020,November,11
HILLS,2020-11-01,0.0,2020,November,11
MONO,2020-11-01,0.0,2020,November,11
COUFFO,2020-11-01,30.169565217391302,2020,November,11
OUEME,2020-11-01,32.5,2020,November,11
PLATEAU,2020-11-01,13.926315789473685,2020,November,11
ATLANTIC,2020-11-01,0.0,2020,November,11
LITTORAL,2020-11-01,0.0,2020,November,11
BORGOU,2021-11-01,0.0,2021,November,11
ALIBORI,2021-11-01,0.0,2021,November,11
ATACORA,2021-11-01,3.8200000000000003,2021,November,11
DONGA,2021-11-01,0.0,2021,November,11
ZOU,2021-11-01,42.95293522267206,2021,November,11
HILLS,2021-11-01,6.742424242424242,2021,November,11
MONO,2021-11-01,35.14615384615385,2021,November,11
COUFFO,2021-11-01,41.75571428571429,2021,November,11
OUEME,2021-11-01,124.72352941176472,2021,November,11
PLATEAU,2021-11-01,56.42321981424149,2021,November,11
ATLANTIC,2021-11-01,125.24999999999999,2021,November,11
LITTORAL,2021-11-01,205.62,2021,November,11
BORGOU,2022-11-01,0.0,2022,November,11
ALIBORI,2022-11-01,0.0,2022,November,11
ATACORA,2022-11-01,0.0,2022,November,11
DONGA,2022-11-01,3.3,2022,November,11
ZOU,2022-11-01,43.833743842364534,2022,November,11
HILLS,2022-11-01,0.1032258064516129,2022,November,11
MONO,2022-11-01,76.5490476190476,2022,November,11
COUFFO,2022-11-01,60.38571428571428,2022,November,11
OUEME,2022-11-01,90.29411764705883,2022,November,11
PLATEAU,2022-11-01,57.25217391304348,2022,November,11
ATLANTIC,2022-11-01,106.76875,2022,November,11
LITTORAL,2022-11-01,26.883333333333333,2022,November,11
BORGOU,2023-11-01,0.0,2023,November,11
ALIBORI,2023-11-01,0.0,2023,November,11
ATACORA,2023-11-01,3.3333333333333335,2023,November,11
DONGA,2023-11-01,0.5,2023,November,11
ZOU,2023-11-01,8.25357142857143,2023,November,11
HILLS,2023-11-01,18.90041666666667,2023,November,11
MONO,2023-11-01,23.954545454545453,2023,November,11
COUFFO,2023-11-01,12.66,2023,November,11
OUEME,2023-11-01,51.88823529411764,2023,November,11
PLATEAU,2023-11-01,29.40555555555556,2023,November,11
ATLANTIC,2023-11-01,6.833333333333333,2023,November,11
LITTORAL,2023-11-01,31.55333333333333,2023,November,11
BORGOU,2012-12-01,0.0,2012,December,12
ALIBORI,2012-12-01,0.0,2012,December,12
ATACORA,2012-12-01,0.0,2012,December,12
DONGA,2012-12-01,0.0,2012,December,12
ZOU,2012-12-01,0.0,2012,December,12
HILLS,2012-12-01,0.0,2012,December,12
MONO,2012-12-01,2.99,2012,December,12
COUFFO,2012-12-01,0.51,2012,December,12
OUEME,2012-12-01,14.69,2012,December,12
PLATEAU,2012-12-01,5.94,2012,December,12
ATLANTIC,2012-12-01,12.13,2012,December,12
LITTORAL,2012-12-01,0.0,2012,December,12
BORGOU,2013-12-01,0.0,2013,December,12
ALIBORI,2013-12-01,0.0,2013,December,12
ATACORA,2013-12-01,0.0,2013,December,12
DONGA,2013-12-01,0.0,2013,December,12
ZOU,2013-12-01,0.0,2013,December,12
HILLS,2013-12-01,0.0,2013,December,12
MONO,2013-12-01,3.1947368421052635,2013,December,12
COUFFO,2013-12-01,20.883888888888887,2013,December,12
OUEME,2013-12-01,15.325925925925926,2013,December,12
PLATEAU,2013-12-01,16.97,2013,December,12
ATLANTIC,2013-12-01,3.810625,2013,December,12
LITTORAL,2013-12-01,28.375,2013,December,12
BORGOU,2014-12-01,0.0,2014,December,12
ALIBORI,2014-12-01,0.0,2014,December,12
ATACORA,2014-12-01,0.0,2014,December,12
DONGA,2014-12-01,0.0,2014,December,12
ZOU,2014-12-01,0.0,2014,December,12
HILLS,2014-12-01,0.0,2014,December,12
MONO,2014-12-01,0.0,2014,December,12
COUFFO,2014-12-01,0.0,2014,December,12
OUEME,2014-12-01,6.298148148148148,2014,December,12
PLATEAU,2014-12-01,1.4666666666666668,2014,December,12
ATLANTIC,2014-12-01,18.4875,2014,December,12
LITTORAL,2014-12-01,0.0,2014,December,12
BORGOU,2015-12-01,0.0,2015,December,12
ALIBORI,2015-12-01,0.0,2015,December,12
ATACORA,2015-12-01,0.0,2015,December,12
DONGA,2015-12-01,0.0,2015,December,12
ZOU,2015-12-01,0.0,2015,December,12
HILLS,2015-12-01,0.0,2015,December,12
MONO,2015-12-01,0.0,2015,December,12
COUFFO,2015-12-01,0.0,2015,December,12
OUEME,2015-12-01,0.78125,2015,December,12
PLATEAU,2015-12-01,0.0,2015,December,12
ATLANTIC,2015-12-01,0.0,2015,December,12
LITTORAL,2015-12-01,0.0,2015,December,12
BORGOU,2016-12-01,0.0,2016,December,12
ALIBORI,2016-12-01,0.0,2016,December,12
ATACORA,2016-12-01,0.0,2016,December,12
DONGA,2016-12-01,0.0,2016,December,12
ZOU,2016-12-01,3.0344827586206895,2016,December,12
HILLS,2016-12-01,0.0,2016,December,12
MONO,2016-12-01,6.463157894736842,2016,December,12
COUFFO,2016-12-01,0.0,2016,December,12
OUEME,2016-12-01,1.6857142857142857,2016,December,12
PLATEAU,2016-12-01,1.0166666666666666,2016,December,12
ATLANTIC,2016-12-01,8.255555555555556,2016,December,12
LITTORAL,2016-12-01,0.0,2016,December,12
BORGOU,2017-12-01,0.0,2017,December,12
ALIBORI,2017-12-01,0.0,2017,December,12
ATACORA,2017-12-01,0.0,2017,December,12
DONGA,2017-12-01,0.0,2017,December,12
ZOU,2017-12-01,0.0,2017,December,12
HILLS,2017-12-01,0.0,2017,December,12
MONO,2017-12-01,2.96,2017,December,12
COUFFO,2017-12-01,27.125,2017,December,12
OUEME,2017-12-01,31.0,2017,December,12
PLATEAU,2017-12-01,0.0,2017,December,12
ATLANTIC,2017-12-01,0.0,2017,December,12
LITTORAL,2017-12-01,15.2,2017,December,12
BORGOU,2018-12-01,0.0,2018,December,12
ALIBORI,2018-12-01,0.0,2018,December,12
ATACORA,2018-12-01,0.0,2018,December,12
DONGA,2018-12-01,0.0,2018,December,12
ZOU,2018-12-01,0.0,2018,December,12
HILLS,2018-12-01,0.0,2018,December,12
MONO,2018-12-01,0.0,2018,December,12
COUFFO,2018-12-01,0.0,2018,December,12
OUEME,2018-12-01,0.5333333333333333,2018,December,12
PLATEAU,2018-12-01,0.0,2018,December,12
ATLANTIC,2018-12-01,0.30833333333333335,2018,December,12
LITTORAL,2018-12-01,0.0,2018,December,12
BORGOU,2019-12-01,0.0,2019,December,12
ALIBORI,2019-12-01,0.0,2019,December,12
ATACORA,2019-12-01,0.0,2019,December,12
DONGA,2019-12-01,0.0,2019,December,12
ZOU,2019-12-01,0.0,2019,December,12
HILLS,2019-12-01,0.0,2019,December,12
MONO,2019-12-01,6.0,2019,December,12
COUFFO,2019-12-01,0.0,2019,December,12
OUEME,2019-12-01,5.0,2019,December,12
PLATEAU,2019-12-01,1.12,2019,December,12
ATLANTIC,2019-12-01,9.333333333333334,2019,December,12
LITTORAL,2019-12-01,0.0,2019,December,12
BORGOU,2020-12-01,0.0,2020,December,12
ALIBORI,2020-12-01,0.0,2020,December,12
ATACORA,2020-12-01,0.0,2020,December,12
DONGA,2020-12-01,0.0,2020,December,12
ZOU,2020-12-01,0.0,2020,December,12
HILLS,2020-12-01,0.0,2020,December,12
MONO,2020-12-01,0.0,2020,December,12
COUFFO,2020-12-01,0.0,2020,December,12
OUEME,2020-12-01,20.85,2020,December,12
PLATEAU,2020-12-01,0.0,2020,December,12
ATLANTIC,2020-12-01,0.0,2020,December,12
LITTORAL,2020-12-01,0.0,2020,December,12
BORGOU,2021-12-01,0.0,2021,December,12
ALIBORI,2021-12-01,0.0,2021,December,12
ATACORA,2021-12-01,0.0,2021,December,12
DONGA,2021-12-01,0.0,2021,December,12
ZOU,2021-12-01,0.0,2021,December,12
HILLS,2021-12-01,0.0,2021,December,12
MONO,2021-12-01,19.215384615384615,2021,December,12
COUFFO,2021-12-01,1.5,2021,December,12
OUEME,2021-12-01,1.9411764705882353,2021,December,12
PLATEAU,2021-12-01,0.0,2021,December,12
ATLANTIC,2021-12-01,0.0,2021,December,12
LITTORAL,2021-12-01,0.0,2021,December,12
BORGOU,2022-12-01,0.0,2022,December,12
ALIBORI,2022-12-01,0.0,2022,December,12
ATACORA,2022-12-01,0.0,2022,December,12
DONGA,2022-12-01,0.0,2022,December,12
ZOU,2022-12-01,0.0,2022,December,12
HILLS,2022-12-01,0.0,2022,December,12
MONO,2022-12-01,3.0952380952380953,2022,December,12
COUFFO,2022-12-01,2.3142857142857145,2022,December,12
OUEME,2022-12-01,9.247058823529413,2022,December,12
PLATEAU,2022-12-01,2.239130434782609,2022,December,12
ATLANTIC,2022-12-01,21.6875,2022,December,12
LITTORAL,2022-12-01,0.0,2022,December,12
BORGOU,2023-12-01,0.0,2023,December,12
ALIBORI,2023-12-01,0.0,2023,December,12
ATACORA,2023-12-01,0.0,2023,December,12
DONGA,2023-12-01,0.0,2023,December,12
ZOU,2023-12-01,0.0,2023,December,12
HILLS,2023-12-01,0.0,2023,December,12
MONO,2023-12-01,7.436874236874236,2023,December,12
COUFFO,2023-12-01,1.2714285714285716,2023,December,12
OUEME,2023-12-01,10.679411764705883,2023,December,12
PLATEAU,2023-12-01,0.746376811594203,2023,December,12
ATLANTIC,2023-12-01,7.229166666666667,2023,December,12
LITTORAL,2023-12-01,0.0,2023,December,12
